MaleFirstNames=Aaron,Abdul,Abe,Abel,Abraham,Abram,Adalberto,Adam,Adan,Adolfo,Adolph,Adrian,Agustin,Ahmad,Ahmed,Al,Alan,Albert,Alberto,Alden,Aldo,Alec,Alejandro,Alex,Alexander,Alexis,Alfonso,Alfonzo,Alfred,Alfredo,Ali,Allan,Allen,Alonso,Alonzo,Alphonse,Alphonso,Alton,Alva,Alvaro,Alvin,Amado,Ambrose,Amos,Anderson,Andre,Andrea,Andreas,Andres,Andrew,Andy,Angel,Angelo,Anibal,Anthony,Antione,Antoine,Anton,Antone,Antonia,Antonio,Antony,Antwan,Archie,Arden,Ariel,Arlen,Arlie,Armand,Armando,Arnold,Arnoldo,Arnulfo,Aron,Arron,Art,Arthur,Arturo,Asa,Ashley,Aubrey,August,Augustine,Augustus,Aurelio,Austin,Avery,Barney,Barrett,Barry,Bart,Barton,Basil,Beau,Ben,Benedict,Benito,Benjamin,Bennett,Bennie,Benny,Benton,Bernard,Bernardo,Bernie,Berry,Bert,Bertram,Bill,Billie,Billy,Blaine,Blair,Blake,Bo,Bob,Bobbie,Bobby,Booker,Boris,Boyce,Boyd,Brad,Bradford,Bradley,Bradly,Brady,Brain,Branden,Brandon,Brant,Brendan,Brendon,Brent,Brenton,Bret,Brett,Brian,Brice,Britt,Brock,Broderick,Brooks,Bruce,Bruno,Bryan,Bryant,Bryce,Bryon,Buck,Bud,Buddy,Buford,Burl,Burt,Burton,Buster,Byron,Caleb,Calvin,Cameron,Carey,Carl,Carlo,Carlos,Carlton,Carmelo,Carmen,Carmine,Carol,Carrol,Carroll,Carson,Carter,Cary,Casey,Cecil,Cedric,Cedrick,Cesar,Chad,Chadwick,Chance,Chang,Charles,Charley,Charlie,Chas,Chase,Chauncey,Chester,Chet,Chi,Chong,Chris,Christian,Christoper,Christopher,Chuck,Chung,Clair,Clarence,Clark,Claud,Claude,Claudio,Clay,Clayton,Clement,Clemente,Cleo,Cletus,Cleveland,Cliff,Clifford,Clifton,Clint,Clinton,Clyde,Cody,Colby,Cole,Coleman,Colin,Collin,Colton,Columbus,Connie,Conrad,Cordell,Corey,Cornelius,Cornell,Cortez,Cory,Courtney,Coy,Craig,Cristobal,Cristopher,Cruz,Curt,Curtis,Cyril,Cyrus,Dale,Dallas,Dalton,Damian,Damien,Damion,Damon,Dan,Dana,Dane,Danial,Daniel,Danilo,Dannie,Danny,Dante,Darell,Daren,Darin,Dario,Darius,Darnell,Daron,Darrel,Darrell,Darren,Darrick,Darrin,Darron,Darryl,Darwin,Daryl,Dave,David,Davis,Dean,Deandre,Deangelo,Dee,Del,Delbert,Delmar,Delmer,Demarcus,Demetrius,Denis,Dennis,Denny,Denver,Deon,Derek,Derick,Derrick,Deshawn,Desmond,Devin,Devon,Dewayne,Dewey,Dewitt,Dexter,Dick,Diego,Dillon,Dino,Dion,Dirk,Domenic,Domingo,Dominic,Dominick,Dominique,Don,Donald,Dong,Donn,Donnell,Donnie,Donny,Donovan,Donte,Dorian,Dorsey,Doug,Douglas,Douglass,Doyle,Drew,Duane,Dudley,Duncan,Dustin,Dusty,Dwain,Dwayne,Dwight,Dylan,Earl,Earle,Earnest,Ed,Eddie,Eddy,Edgar,Edgardo,Edison,Edmond,Edmund,Edmundo,Eduardo,Edward,Edwardo,Edwin,Efrain,Efren,Elbert,Elden,Eldon,Eldridge,Eli,Elias,Elijah,Eliseo,Elisha,Elliot,Elliott,Ellis,Ellsworth,Elmer,Elmo,Eloy,Elroy,Elton,Elvin,Elvis,Elwood,Emanuel,Emerson,Emery,Emil,Emile,Emilio,Emmanuel,Emmett,Emmitt,Emory,Enoch,Enrique,Erasmo,Eric,Erich,Erick,Erik,Erin,Ernest,Ernesto,Ernie,Errol,Ervin,Erwin,Esteban,Ethan,Eugene,Eugenio,Eusebio,Evan,Everett,Everette,Ezekiel,Ezequiel,Ezra,Fabian,Faustino,Fausto,Federico,Felipe,Felix,Felton,Ferdinand,Fermin,Fernando,Fidel,Filiberto,Fletcher,Florencio,Florentino,Floyd,Forest,Forrest,Foster,Frances,Francesco,Francis,Francisco,Frank,Frankie,Franklin,Franklyn,Fred,Freddie,Freddy,Frederic,Frederick,Fredric,Fredrick,Freeman,Fritz,Gabriel,Gail,Gale,Galen,Garfield,Garland,Garret,Garrett,Garry,Garth,Gary,Gaston,Gavin,Gayle,Gaylord,Genaro,Gene,Geoffrey,George,Gerald,Geraldo,Gerard,Gerardo,German,Gerry,Gil,Gilbert,Gilberto,Gino,Giovanni,Giuseppe,Glen,Glenn,Gonzalo,Gordon,Grady,Graham,Graig,Grant,Granville,Greg,Gregg,Gregorio,Gregory,Grover,Guadalupe,Guillermo,Gus,Gustavo,Guy,Hai,Hal,Hank,Hans,Harlan,Harland,Harley,Harold,Harris,Harrison,Harry,Harvey,Hassan,Hayden,Haywood,Heath,Hector,Henry,Herb,Herbert,Heriberto,Herman,Herschel,Hershel,Hilario,Hilton,Hipolito,Hiram,Hobert,Hollis,Homer,Hong,Horace,Horacio,Hosea,Houston,Howard,Hoyt,Hubert,Huey,Hugh,Hugo,Humberto,Hung,Hunter,Hyman,Ian,Ignacio,Ike,Ira,Irvin,Irving,Irwin,Isaac,Isaiah,Isaias,Isiah,Isidro,Ismael,Israel,Isreal,Issac,Ivan,Ivory,Jacinto,Jack,Jackie,Jackson,Jacob,Jacques,Jae,Jaime,Jake,Jamaal,Jamal,Jamar,Jame,Jamel,James,Jamey,Jamie,Jamison,Jan,Jared,Jarod,Jarred,Jarrett,Jarrod,Jarvis,Jason,Jasper,Javier,Jay,Jayson,Jc,Jean,Jed,Jeff,Jefferey,Jefferson,Jeffery,Jeffrey,Jeffry,Jerald,Jeramy,Jere,Jeremiah,Jeremy,Jermaine,Jerold,Jerome,Jeromy,Jerrell,Jerrod,Jerrold,Jerry,Jess,Jesse,Jessie,Jesus,Jewel,Jewell,Jim,Jimmie,Jimmy,Joan,Joaquin,Jody,Joe,Joel,Joesph,Joey,John,Johnathan,Johnathon,Johnie,Johnnie,Johnny,Johnson,Jon,Jonah,Jonas,Jonathan,Jonathon,Jordan,Jordon,Jorge,Jose,Josef,Joseph,Josh,Joshua,Josiah,Jospeh,Josue,Juan,Jude,Judson,Jules,Julian,Julio,Julius,Junior,Justin,Kareem,Karl,Kasey,Keenan,Keith,Kelley,Kelly,Kelvin,Ken,Kendall,Kendrick,Keneth,Kenneth,Kennith,Kenny,Kent,Kenton,Kermit,Kerry,Keven,Kevin,Kieth,Kim,King,Kip,Kirby,Kirk,Korey,Kory,Kraig,Kris,Kristofer,Kristopher,Kurt,Kurtis,Kyle,Lacy,Lamar,Lamont,Lance,Landon,Lane,Lanny,Larry,Lauren,Laurence,Lavern,Laverne,Lawerence,Lawrence,Lazaro,Leandro,Lee,Leif,Leigh,Leland,Lemuel,Len,Lenard,Lenny,Leo,Leon,Leonard,Leonardo,Leonel,Leopoldo,Leroy,Les,Lesley,Leslie,Lester,Levi,Lewis,Lincoln,Lindsay,Lindsey,Lino,Linwood,Lionel,Lloyd,Logan,Lon,Long,Lonnie,Lonny,Loren,Lorenzo,Lou,Louie,Louis,Lowell,Loyd,Lucas,Luciano,Lucien,Lucio,Lucius,Luigi,Luis,Luke,Lupe,Luther,Lyle,Lyman,Lyndon,Lynn,Lynwood,Mac,Mack,Major,Malcolm,Malcom,Malik,Man,Manual,Manuel,Marc,Marcel,Marcelino,Marcellus,Marcelo,Marco,Marcos,Marcus,Margarito,Maria,Mariano,Mario,Marion,Mark,Markus,Marlin,Marlon,Marquis,Marshall,Martin,Marty,Marvin,Mary,Mason,Mathew,Matt,Matthew,Maurice,Mauricio,Mauro,Max,Maximo,Maxwell,Maynard,Mckinley,Mel,Melvin,Merle,Merlin,Merrill,Mervin,Micah,Michael,Michal,Michale,Micheal,Michel,Mickey,Miguel,Mike,Mikel,Milan,Miles,Milford,Millard,Milo,Milton,Minh,Miquel,Mitch,Mitchel,Mitchell,Modesto,Mohamed,Mohammad,Mohammed,Moises,Monroe,Monte,Monty,Morgan,Morris,Morton,Mose,Moses,Moshe,Murray,Myles,Myron,Napoleon,Nathan,Nathanael,Nathanial,Nathaniel,Neal,Ned,Neil,Nelson,Nestor,Neville,Newton,Nicholas,Nick,Nickolas,Nicky,Nicolas,Nigel,Noah,Noble,Noe,Noel,Nolan,Norbert,Norberto,Norman,Normand,Norris,Numbers,Octavio,Odell,Odis,Olen,Olin,Oliver,Ollie,Omar,Omer,Oren,Orlando,Orval,Orville,Oscar,Osvaldo,Oswaldo,Otha,Otis,Otto,Owen,Pablo,Palmer,Paris,Parker,Pasquale,Pat,Patricia,Patrick,Paul,Pedro,Percy,Perry,Pete,Peter,Phil,Philip,Phillip,Pierre,Porfirio,Porter,Preston,Prince,Quentin,Quincy,Quinn,Quintin,Quinton,Rafael,Raleigh,Ralph,Ramiro,Ramon,Randal,Randall,Randell,Randolph,Randy,Raphael,Rashad,Raul,Ray,Rayford,Raymon,Raymond,Raymundo,Reed,Refugio,Reggie,Reginald,Reid,Reinaldo,Renaldo,Renato,Rene,Reuben,Rex,Rey,Reyes,Reynaldo,Rhett,Ricardo,Rich,Richard,Richie,Rick,Rickey,Rickie,Ricky,Rico,Rigoberto,Riley,Rob,Robbie,Robby,Robert,Roberto,Robin,Robt,Rocco,Rocky,Rod,Roderick,Rodger,Rodney,Rodolfo,Rodrick,Rodrigo,Rogelio,Roger,Roland,Rolando,Rolf,Rolland,Roman,Romeo,Ron,Ronald,Ronnie,Ronny,Roosevelt,Rory,Rosario,Roscoe,Rosendo,Ross,Roy,Royal,Royce,Ruben,Rubin,Rudolf,Rudolph,Rudy,Rueben,Rufus,Rupert,Russ,Russel,Russell,Rusty,Ryan,Sal,Salvador,Salvatore,Sam,Sammie,Sammy,Samual,Samuel,Sandy,Sanford,Sang,Santiago,Santo,Santos,Saul,Scot,Scott,Scottie,Scotty,Sean,Sebastian,Sergio,Seth,Seymour,Shad,Shane,Shannon,Shaun,Shawn,Shayne,Shelby,Sheldon,Shelton,Sherman,Sherwood,Shirley,Shon,Sid,Sidney,Silas,Simon,Sol,Solomon,Son,Sonny,Spencer,Stacey,Stacy,Stan,Stanford,Stanley,Stanton,Stefan,Stephan,Stephen,Sterling,Steve,Steven,Stevie,Stewart,Stuart,Sung,Sydney,Sylvester,Tad,Tanner,Taylor,Ted,Teddy,Teodoro,Terence,Terrance,Terrell,Terrence,Terry,Thad,Thaddeus,Thanh,Theo,Theodore,Theron,Thomas,Thurman,Tim,Timmy,Timothy,Titus,Tobias,Toby,Tod,Todd,Tom,Tomas,Tommie,Tommy,Toney,Tony,Tory,Tracey,Tracy,Travis,Trent,Trenton,Trevor,Trey,Trinidad,Tristan,Troy,Truman,Tuan,Ty,Tyler,Tyree,Tyrell,Tyron,Tyrone,Tyson,Ulysses,Val,Valentin,Valentine,Van,Vance,Vaughn,Vern,Vernon,Vicente,Victor,Vince,Vincent,Vincenzo,Virgil,Virgilio,Vito,Von,Wade,Waldo,Walker,Wallace,Wally,Walter,Walton,Ward,Warner,Warren,Waylon,Wayne,Weldon,Wendell,Werner,Wes,Wesley,Weston,Whitney,Wilber,Wilbert,Wilbur,Wilburn,Wiley,Wilford,Wilfred,Wilfredo,Will,Willard,William,Williams,Willian,Willie,Willis,Willy,Wilmer,Wilson,Wilton,Winford,Winfred,Winston,Wm,Woodrow,Wyatt,Xavier,Yong,Young,Zachariah,Zachary,Zachery,Zack,Zackary,Zane
FemaleFirstNames=Aaron,Abbey,Abbie,Abby,Abigail,Ada,Adah,Adaline,Adam,Addie,Adela,Adelaida,Adelaide,Adele,Adelia,Adelina,Adeline,Adell,Adella,Adelle,Adena,Adina,Adria,Adrian,Adriana,Adriane,Adrianna,Adrianne,Adrien,Adriene,Adrienne,Afton,Agatha,Agnes,Agnus,Agripina,Agueda,Agustina,Ai,Aida,Aide,Aiko,Aileen,Ailene,Aimee,Aisha,Aja,Akiko,Akilah,Alaina,Alaine,Alana,Alane,Alanna,Alayna,Alba,Albert,Alberta,Albertha,Albertina,Albertine,Albina,Alda,Alease,Alecia,Aleen,Aleida,Aleisha,Alejandra,Alejandrina,Alena,Alene,Alesha,Aleshia,Alesia,Alessandra,Aleta,Aletha,Alethea,Alethia,Alex,Alexa,Alexander,Alexandra,Alexandria,Alexia,Alexis,Alfreda,Alfredia,Ali,Alia,Alica,Alice,Alicia,Alida,Alina,Aline,Alisa,Alise,Alisha,Alishia,Alisia,Alison,Alissa,Alita,Alix,Aliza,Alla,Alleen,Allegra,Allen,Allena,Allene,Allie,Alline,Allison,Allyn,Allyson,Alma,Almeda,Almeta,Alona,Alpha,Alta,Altagracia,Altha,Althea,Alva,Alvera,Alverta,Alvina,Alyce,Alycia,Alysa,Alyse,Alysha,Alysia,Alyson,Alyssa,Amada,Amal,Amalia,Amanda,Amber,Amberly,Amee,Amelia,America,Ami,Amie,Amiee,Amina,Amira,Ammie,Amparo,Amy,An,Ana,Anabel,Analisa,Anamaria,Anastacia,Anastasia,Andera,Andra,Andre,Andrea,Andree,Andrew,Andria,Anette,Angel,Angela,Angele,Angelena,Angeles,Angelia,Angelic,Angelica,Angelika,Angelina,Angeline,Angelique,Angelita,Angella,Angelo,Angelyn,Angie,Angila,Angla,Angle,Anglea,Anh,Anika,Anisa,Anisha,Anissa,Anita,Anitra,Anja,Anjanette,Anjelica,Ann,Anna,Annabel,Annabell,Annabelle,Annalee,Annalisa,Annamae,Annamaria,Annamarie,Anne,Anneliese,Annelle,Annemarie,Annett,Annetta,Annette,Annice,Annie,Annika,Annis,Annita,Annmarie,Anthony,Antionette,Antoinette,Antonetta,Antonette,Antonia,Antonietta,Antonina,Antonio,Anya,Apolonia,April,Apryl,Ara,Araceli,Aracelis,Aracely,Arcelia,Ardath,Ardelia,Ardell,Ardella,Ardelle,Ardis,Ardith,Aretha,Argelia,Argentina,Ariana,Ariane,Arianna,Arianne,Arica,Arie,Ariel,Arielle,Arla,Arlean,Arleen,Arlena,Arlene,Arletha,Arletta,Arlette,Arlinda,Arline,Arlyne,Armanda,Armandina,Armida,Arminda,Arnetta,Arnette,Arnita,Arthur,Artie,Arvilla,Asha,Ashanti,Ashely,Ashlea,Ashlee,Ashleigh,Ashley,Ashli,Ashlie,Ashly,Ashlyn,Ashton,Asia,Asley,Assunta,Astrid,Asuncion,Athena,Aubrey,Audie,Audra,Audrea,Audrey,Audria,Audrie,Audry,Augusta,Augustina,Augustine,Aundrea,Aura,Aurea,Aurelia,Aurora,Aurore,Austin,Autumn,Ava,Avelina,Avery,Avis,Avril,Awilda,Ayako,Ayana,Ayanna,Ayesha,Azalee,Azucena,Azzie,Babara,Babette,Bailey,Bambi,Bao,Barabara,Barb,Barbar,Barbara,Barbera,Barbie,Barbra,Bari,Barrie,Basilia,Bea,Beata,Beatrice,Beatris,Beatriz,Beaulah,Bebe,Becki,Beckie,Becky,Bee,Belen,Belia,Belinda,Belkis,Bell,Bella,Belle,Belva,Benita,Bennie,Berenice,Berna,Bernadette,Bernadine,Bernarda,Bernardina,Bernardine,Berneice,Bernetta,Bernice,Bernie,Berniece,Bernita,Berry,Berta,Bertha,Bertie,Beryl,Bess,Bessie,Beth,Bethanie,Bethann,Bethany,Bethel,Betsey,Betsy,Bette,Bettie,Bettina,Betty,Bettyann,Bettye,Beula,Beulah,Bev,Beverlee,Beverley,Beverly,Bianca,Bibi,Billi,Billie,Billy,Billye,Birdie,Birgit,Blair,Blake,Blanca,Blanch,Blanche,Blondell,Blossom,Blythe,Bobbi,Bobbie,Bobby,Bobbye,Bobette,Bok,Bong,Bonita,Bonnie,Bonny,Branda,Brande,Brandee,Brandi,Brandie,Brandon,Brandy,Breana,Breann,Breanna,Breanne,Bree,Brenda,Brenna,Brett,Brian,Briana,Brianna,Brianne,Bridget,Bridgett,Bridgette,Brigette,Brigid,Brigida,Brigitte,Brinda,Britany,Britney,Britni,Britt,Britta,Brittaney,Brittani,Brittanie,Brittany,Britteny,Brittney,Brittni,Brittny,Bronwyn,Brook,Brooke,Bruna,Brunilda,Bryanna,Brynn,Buena,Buffy,Bula,Bulah,Bunny,Burma,Caitlin,Caitlyn,Calandra,Calista,Callie,Camelia,Camellia,Cameron,Cami,Camie,Camila,Camilla,Camille,Cammie,Cammy,Candace,Candance,Candelaria,Candi,Candice,Candida,Candie,Candis,Candra,Candy,Candyce,Caprice,Cara,Caren,Carey,Cari,Caridad,Carie,Carin,Carina,Carisa,Carissa,Carita,Carl,Carla,Carlee,Carleen,Carlena,Carlene,Carletta,Carley,Carli,Carlie,Carline,Carlita,Carlos,Carlota,Carlotta,Carly,Carlyn,Carma,Carman,Carmel,Carmela,Carmelia,Carmelina,Carmelita,Carmella,Carmen,Carmina,Carmon,Carol,Carola,Carolann,Carole,Carolee,Carolin,Carolina,Caroline,Caroll,Carolyn,Carolyne,Carolynn,Caron,Caroyln,Carri,Carrie,Carrol,Carroll,Carry,Cary,Caryl,Carylon,Caryn,Casandra,Casey,Casie,Casimira,Cassandra,Cassaundra,Cassey,Cassi,Cassidy,Cassie,Cassondra,Cassy,Catalina,Catarina,Caterina,Catharine,Catherin,Catherina,Catherine,Cathern,Catheryn,Cathey,Cathi,Cathie,Cathleen,Cathrine,Cathryn,Cathy,Catina,Catrice,Catrina,Cayla,Cecelia,Cecil,Cecila,Cecile,Cecilia,Cecille,Cecily,Celena,Celesta,Celeste,Celestina,Celestine,Celia,Celina,Celinda,Celine,Celsa,Ceola,Chae,Chan,Chana,Chanda,Chandra,Chanel,Chanell,Chanelle,Chang,Chantal,Chantay,Chante,Chantel,Chantell,Chantelle,Chara,Charis,Charise,Charissa,Charisse,Charita,Charity,Charla,Charleen,Charlena,Charlene,Charles,Charlesetta,Charlette,Charlie,Charline,Charlott,Charlotte,Charlsie,Charlyn,Charmain,Charmaine,Charolette,Chasidy,Chasity,Chassidy,Chastity,Chau,Chaya,Chelsea,Chelsey,Chelsie,Cher,Chere,Cheree,Cherelle,Cheri,Cherie,Cherilyn,Cherise,Cherish,Cherly,Cherlyn,Cherri,Cherrie,Cherry,Cherryl,Chery,Cheryl,Cheryle,Cheryll,Cheyenne,Chi,Chia,Chieko,Chin,China,Ching,Chiquita,Chloe,Chong,Chris,Chrissy,Christa,Christal,Christeen,Christel,Christen,Christena,Christene,Christi,Christia,Christian,Christiana,Christiane,Christie,Christin,Christina,Christine,Christinia,Christopher,Christy,Chrystal,Chu,Chun,Chung,Ciara,Cicely,Ciera,Cierra,Cinda,Cinderella,Cindi,Cindie,Cindy,Cinthia,Cira,Clair,Claire,Clara,Clare,Clarence,Claretha,Claretta,Claribel,Clarice,Clarinda,Clarine,Claris,Clarisa,Clarissa,Clarita,Classie,Claude,Claudette,Claudia,Claudie,Claudine,Clelia,Clemencia,Clementina,Clementine,Clemmie,Cleo,Cleopatra,Cleora,Cleotilde,Cleta,Clora,Clorinda,Clotilde,Clyde,Codi,Cody,Colby,Coleen,Colene,Coletta,Colette,Colleen,Collen,Collene,Collette,Concepcion,Conception,Concetta,Concha,Conchita,Connie,Constance,Consuela,Consuelo,Contessa,Cora,Coral,Coralee,Coralie,Corazon,Cordelia,Cordia,Cordie,Coreen,Corene,Coretta,Corey,Cori,Corie,Corina,Corine,Corinna,Corinne,Corliss,Cornelia,Corrie,Corrin,Corrina,Corrine,Corrinne,Cortney,Cory,Courtney,Creola,Cris,Criselda,Crissy,Crista,Cristal,Cristen,Cristi,Cristie,Cristin,Cristina,Cristine,Cristy,Cruz,Crysta,Crystal,Crystle,Cuc,Curtis,Cyndi,Cyndy,Cynthia,Cyrstal,Cythia,Dacia,Dagmar,Dagny,Dahlia,Daina,Daine,Daisey,Daisy,Dakota,Dale,Dalene,Dalia,Dalila,Dallas,Damaris,Dan,Dana,Danae,Danelle,Danette,Dani,Dania,Danica,Daniel,Daniela,Daniele,Daniell,Daniella,Danielle,Danika,Danille,Danita,Dann,Danna,Dannette,Dannie,Dannielle,Danuta,Danyel,Danyell,Danyelle,Daphine,Daphne,Dara,Darby,Darcel,Darcey,Darci,Darcie,Darcy,Daria,Darla,Darleen,Darlena,Darlene,Darline,Darnell,Daryl,David,Davida,Davina,Dawn,Dawna,Dawne,Dayle,Dayna,Daysi,Deadra,Dean,Deana,Deandra,Deandrea,Deane,Deann,Deanna,Deanne,Deb,Debbi,Debbie,Debbra,Debby,Debera,Debi,Debora,Deborah,Debra,Debrah,Debroah,Dede,Dedra,Dee,Deeann,Deeanna,Deedee,Deedra,Deena,Deetta,Deidra,Deidre,Deirdre,Deja,Delaine,Delana,Delcie,Delena,Delfina,Delia,Delicia,Delila,Delilah,Delinda,Delisa,Dell,Della,Delma,Delmy,Delois,Deloise,Delora,Deloras,Delores,Deloris,Delorse,Delpha,Delphia,Delphine,Delsie,Delta,Demetra,Demetria,Demetrice,Demetrius,Dena,Denae,Deneen,Denese,Denice,Denise,Denisha,Denisse,Denita,Denna,Dennis,Dennise,Denny,Denyse,Deon,Deonna,Desirae,Desire,Desiree,Despina,Dessie,Destiny,Detra,Devin,Devon,Devona,Devora,Devorah,Dia,Diamond,Dian,Diana,Diane,Diann,Dianna,Dianne,Diedra,Diedre,Dierdre,Digna,Dimple,Dina,Dinah,Dinorah,Dion,Dione,Dionna,Dionne,Divina,Dixie,Dodie,Dollie,Dolly,Dolores,Doloris,Domenica,Dominga,Dominica,Dominique,Dominque,Domitila,Domonique,Dona,Donald,Donella,Donetta,Donette,Dong,Donita,Donna,Donnetta,Donnette,Donnie,Donya,Dora,Dorathy,Dorcas,Doreatha,Doreen,Dorene,Doretha,Dorethea,Doretta,Dori,Doria,Dorian,Dorie,Dorinda,Dorine,Doris,Dorla,Dorotha,Dorothea,Dorothy,Dorris,Dortha,Dorthea,Dorthey,Dorthy,Dot,Dottie,Dotty,Dovie,Dreama,Drema,Drew,Drucilla,Drusilla,Dulce,Dulcie,Dung,Dusti,Dusty,Dwana,Dyan,Earlean,Earleen,Earlene,Earlie,Earline,Earnestine,Eartha,Easter,Eboni,Ebonie,Ebony,Echo,Eda,Edda,Eddie,Edelmira,Eden,Edie,Edith,Edna,Edra,Edris,Edward,Edwina,Edyth,Edythe,Effie,Ehtel,Eileen,Eilene,Ela,Eladia,Elaina,Elaine,Elana,Elane,Elanor,Elayne,Elba,Elda,Eldora,Eleanor,Eleanora,Eleanore,Elease,Elena,Elene,Eleni,Elenor,Elenora,Elenore,Eleonor,Eleonora,Eleonore,Elfreda,Elfrieda,Elfriede,Elia,Eliana,Elicia,Elida,Elidia,Elin,Elina,Elinor,Elinore,Elisa,Elisabeth,Elise,Elisha,Elissa,Eliz,Eliza,Elizabet,Elizabeth,Elizbeth,Elizebeth,Elke,Ella,Ellamae,Ellan,Ellen,Ellena,Elli,Ellie,Ellis,Elly,Ellyn,Elma,Elmer,Elmira,Elna,Elnora,Elodia,Elois,Eloisa,Eloise,Elouise,Elsa,Else,Elsie,Elsy,Elva,Elvera,Elvia,Elvie,Elvina,Elvira,Elwanda,Elyse,Elza,Ema,Emelda,Emelia,Emelina,Emeline,Emely,Emerald,Emerita,Emiko,Emilee,Emilia,Emilie,Emily,Emma,Emmaline,Emmie,Emmy,Emogene,Ena,Enda,Enedina,Eneida,Enid,Enola,Enriqueta,Epifania,Era,Eric,Erica,Ericka,Erika,Erin,Erinn,Erlene,Erlinda,Erline,Erma,Ermelinda,Erminia,Erna,Ernestina,Ernestine,Eryn,Esmeralda,Esperanza,Essie,Esta,Estefana,Estela,Estell,Estella,Estelle,Ester,Esther,Estrella,Etha,Ethel,Ethelene,Ethelyn,Ethyl,Etsuko,Etta,Ettie,Eufemia,Eugena,Eugene,Eugenia,Eugenie,Eula,Eulah,Eulalia,Eun,Euna,Eunice,Eura,Eusebia,Eustolia,Eva,Evalyn,Evan,Evangelina,Evangeline,Eve,Evelia,Evelin,Evelina,Eveline,Evelyn,Evelyne,Evelynn,Evette,Evia,Evie,Evita,Evon,Evonne,Ewa,Exie,Fabiola,Fae,Fairy,Faith,Fallon,Fannie,Fanny,Farah,Farrah,Fatima,Fatimah,Faustina,Faviola,Fawn,Fay,Faye,Fe,Felecia,Felica,Felice,Felicia,Felicidad,Felicita,Felicitas,Felipa,Felisa,Felisha,Fermina,Fern,Fernanda,Fernande,Ferne,Fidela,Fidelia,Filomena,Fiona,Flavia,Fleta,Flo,Flor,Flora,Florance,Florence,Florencia,Florene,Florentina,Floretta,Floria,Florida,Florinda,Florine,Florrie,Flossie,Floy,Fonda,Fran,France,Francene,Frances,Francesca,Franchesca,Francie,Francina,Francine,Francis,Francisca,Francisco,Francoise,Frank,Frankie,Fransisca,Fred,Freda,Fredda,Freddie,Frederica,Fredericka,Fredia,Fredricka,Freeda,Freida,Frida,Frieda,Fumiko,Gabriel,Gabriela,Gabriele,Gabriella,Gabrielle,Gail,Gala,Gale,Galina,Garnet,Garnett,Gary,Gay,Gaye,Gayla,Gayle,Gaylene,Gaynell,Gaynelle,Gearldine,Gema,Gemma,Gena,Gene,Genesis,Geneva,Genevie,Genevieve,Genevive,Genia,Genie,Genna,Gennie,Genny,Genoveva,Georgann,George,Georgeann,Georgeanna,Georgene,Georgetta,Georgette,Georgia,Georgiana,Georgiann,Georgianna,Georgianne,Georgie,Georgina,Georgine,Gerald,Geraldine,Geralyn,Gerda,Geri,Germaine,Gerri,Gerry,Gertha,Gertie,Gertrud,Gertrude,Gertrudis,Gertude,Ghislaine,Gia,Gianna,Gidget,Gigi,Gilberte,Gilda,Gillian,Gilma,Gina,Ginette,Ginger,Ginny,Giovanna,Gisela,Gisele,Giselle,Gita,Giuseppina,Gladis,Glady,Gladys,Glayds,Glenda,Glendora,Glenn,Glenna,Glennie,Glennis,Glinda,Gloria,Glory,Glynda,Glynis,Golda,Golden,Goldie,Grace,Gracia,Gracie,Graciela,Grayce,Grazyna,Gregoria,Gregory,Greta,Gretchen,Gretta,Gricelda,Grisel,Griselda,Guadalupe,Gudrun,Guillermina,Gussie,Gwen,Gwenda,Gwendolyn,Gwenn,Gwyn,Gwyneth,Ha,Hae,Hailey,Haley,Halina,Halley,Hallie,Han,Hana,Hang,Hanh,Hanna,Hannah,Hannelore,Harmony,Harold,Harriet,Harriett,Harriette,Hassie,Hattie,Haydee,Hayley,Hazel,Heather,Hedwig,Hedy,Hee,Heide,Heidi,Heidy,Heike,Helaine,Helen,Helena,Helene,Helga,Hellen,Henrietta,Henriette,Henry,Herlinda,Herma,Hermelinda,Hermila,Hermina,Hermine,Herminia,Herta,Hertha,Hester,Hettie,Hiedi,Hien,Hilaria,Hilary,Hilda,Hilde,Hildegard,Hildegarde,Hildred,Hillary,Hilma,Hiroko,Hisako,Hoa,Holley,Holli,Hollie,Hollis,Holly,Honey,Hong,Hope,Hortencia,Hortense,Hortensia,Hsiu,Hue,Hui,Hulda,Huong,Hwa,Hyacinth,Hye,Hyo,Hyon,Hyun,Ida,Idalia,Idell,Idella,Iesha,Ignacia,Ila,Ilana,Ilda,Ileana,Ileen,Ilene,Iliana,Illa,Ilona,Ilse,Iluminada,Ima,Imelda,Imogene,In,Ina,India,Indira,Inell,Ines,Inez,Inga,Inge,Ingeborg,Inger,Ingrid,Inocencia,Iola,Iona,Ione,Ira,Iraida,Irena,Irene,Irina,Iris,Irish,Irma,Irmgard,Isa,Isabel,Isabell,Isabella,Isabelle,Isadora,Isaura,Isela,Isidra,Isis,Isobel,Iva,Ivana,Ivelisse,Ivette,Ivey,Ivonne,Ivory,Ivy,Izetta,Izola,Ja,Jacalyn,Jacelyn,Jacinda,Jacinta,Jack,Jackeline,Jackelyn,Jacki,Jackie,Jacklyn,Jackqueline,Jaclyn,Jacqualine,Jacque,Jacquelin,Jacqueline,Jacquelyn,Jacquelyne,Jacquelynn,Jacquetta,Jacqui,Jacquie,Jacquiline,Jacquline,Jacqulyn,Jada,Jade,Jadwiga,Jae,Jaime,Jaimee,Jaimie,Jaleesa,Jalisa,Jama,Jame,Jamee,James,Jamey,Jami,Jamie,Jamika,Jamila,Jammie,Jan,Jana,Janae,Janay,Jane,Janean,Janee,Janeen,Janel,Janell,Janella,Janelle,Janene,Janessa,Janet,Janeth,Janett,Janetta,Janette,Janey,Jani,Janice,Janie,Janiece,Janina,Janine,Janis,Janise,Janita,Jann,Janna,Jannet,Jannette,Jannie,January,Janyce,Jaqueline,Jaquelyn,Jasmin,Jasmine,Jason,Jaunita,Jay,Jaye,Jayme,Jaymie,Jayna,Jayne,Jazmin,Jazmine,Jean,Jeana,Jeane,Jeanelle,Jeanene,Jeanett,Jeanetta,Jeanette,Jeanice,Jeanie,Jeanine,Jeanmarie,Jeanna,Jeanne,Jeannetta,Jeannette,Jeannie,Jeannine,Jeffie,Jeffrey,Jen,Jena,Jenae,Jene,Jenee,Jenell,Jenelle,Jenette,Jeneva,Jeni,Jenice,Jenifer,Jeniffer,Jenine,Jenise,Jenna,Jennefer,Jennell,Jennette,Jenni,Jennie,Jennifer,Jenniffer,Jennine,Jenny,Jeraldine,Jeremy,Jeri,Jerica,Jerilyn,Jerlene,Jerri,Jerrica,Jerrie,Jerry,Jesenia,Jesica,Jesse,Jessenia,Jessi,Jessia,Jessica,Jessie,Jessika,Jestine,Jesus,Jesusa,Jesusita,Jetta,Jettie,Jewel,Jewell,Ji,Jill,Jillian,Jimmie,Jimmy,Jin,Jina,Jinny,Jo,Joan,Joana,Joane,Joanie,Joann,Joanna,Joanne,Joannie,Joaquina,Jocelyn,Jodee,Jodi,Jodie,Jody,Joe,Joeann,Joel,Joella,Joelle,Joellen,Joetta,Joette,Joey,Johana,Johanna,Johanne,John,Johna,Johnetta,Johnette,Johnie,Johnna,Johnnie,Johnny,Johnsie,Joi,Joie,Jolanda,Joleen,Jolene,Jolie,Joline,Jolyn,Jolynn,Jon,Jona,Jone,Jonell,Jonelle,Jong,Joni,Jonie,Jonna,Jonnie,Jordan,Jose,Josefa,Josefina,Josefine,Joselyn,Joseph,Josephina,Josephine,Josette,Joshua,Josie,Joslyn,Josphine,Jovan,Jovita,Joy,Joya,Joyce,Joycelyn,Joye,Juan,Juana,Juanita,Jude,Judi,Judie,Judith,Judy,Jule,Julee,Julene,Juli,Julia,Julian,Juliana,Juliane,Juliann,Julianna,Julianne,Julie,Julieann,Julienne,Juliet,Julieta,Julietta,Juliette,Julio,Julissa,June,Jung,Junie,Junita,Junko,Justa,Justin,Justina,Justine,Jutta,Ka,Kacey,Kaci,Kacie,Kacy,Kai,Kaila,Kaitlin,Kaitlyn,Kala,Kaleigh,Kaley,Kali,Kallie,Kalyn,Kam,Kamala,Kami,Kamilah,Kandace,Kandi,Kandice,Kandis,Kandra,Kandy,Kanesha,Kanisha,Kara,Karan,Kareen,Karen,Karena,Karey,Kari,Karie,Karima,Karin,Karina,Karine,Karisa,Karissa,Karl,Karla,Karleen,Karlene,Karly,Karlyn,Karma,Karmen,Karol,Karole,Karoline,Karolyn,Karon,Karren,Karri,Karrie,Karry,Kary,Karyl,Karyn,Kasandra,Kasey,Kasha,Kasi,Kasie,Kassandra,Kassie,Kate,Katelin,Katelyn,Katelynn,Katerine,Kathaleen,Katharina,Katharine,Katharyn,Kathe,Katheleen,Katherin,Katherina,Katherine,Kathern,Katheryn,Kathey,Kathi,Kathie,Kathleen,Kathlene,Kathline,Kathlyn,Kathrin,Kathrine,Kathryn,Kathryne,Kathy,Kathyrn,Kati,Katia,Katie,Katina,Katlyn,Katrice,Katrina,Kattie,Katy,Kay,Kayce,Kaycee,Kaye,Kayla,Kaylee,Kayleen,Kayleigh,Kaylene,Kazuko,Kecia,Keeley,Keely,Keena,Keesha,Keiko,Keila,Keira,Keisha,Keith,Keitha,Keli,Kelle,Kellee,Kelley,Kelli,Kellie,Kelly,Kellye,Kelsey,Kelsi,Kelsie,Kemberly,Kena,Kenda,Kendal,Kendall,Kendra,Kenia,Kenisha,Kenna,Kenneth,Kenya,Kenyatta,Kenyetta,Kera,Keren,Keri,Kerri,Kerrie,Kerry,Kerstin,Kesha,Keshia,Keturah,Keva,Kevin,Khadijah,Khalilah,Kia,Kiana,Kiara,Kiera,Kiersten,Kiesha,Kiley,Kim,Kimber,Kimberely,Kimberlee,Kimberley,Kimberli,Kimberlie,Kimberly,Kimbery,Kimbra,Kimi,Kimiko,Kina,Kindra,Kira,Kirby,Kirsten,Kirstie,Kirstin,Kisha,Kit,Kittie,Kitty,Kiyoko,Kizzie,Kizzy,Klara,Kori,Kortney,Kourtney,Kris,Krishna,Krissy,Krista,Kristal,Kristan,Kristeen,Kristel,Kristen,Kristi,Kristian,Kristie,Kristin,Kristina,Kristine,Kristle,Kristy,Kristyn,Krysta,Krystal,Krysten,Krystin,Krystina,Krystle,Krystyna,Kum,Kyla,Kyle,Kylee,Kylie,Kym,Kymberly,Kyoko,Kyong,Kyra,Kyung,Lacey,Lachelle,Laci,Lacie,Lacresha,Lacy,Ladawn,Ladonna,Lady,Lael,Lahoma,Lai,Laila,Laine,Lajuana,Lakeesha,Lakeisha,Lakendra,Lakenya,Lakesha,Lakeshia,Lakia,Lakiesha,Lakisha,Lakita,Lala,Lamonica,Lan,Lana,Lane,Lanell,Lanelle,Lanette,Lang,Lani,Lanie,Lanita,Lannie,Lanora,Laquanda,Laquita,Lara,Larae,Laraine,Laree,Larhonda,Larisa,Larissa,Larita,Laronda,Larraine,Larry,Larue,Lasandra,Lashanda,Lashandra,Lashaun,Lashaunda,Lashawn,Lashawna,Lashawnda,Lashay,Lashell,Lashon,Lashonda,Lashunda,Lasonya,Latanya,Latarsha,Latasha,Latashia,Latesha,Latia,Laticia,Latina,Latisha,Latonia,Latonya,Latoria,Latosha,Latoya,Latoyia,Latrice,Latricia,Latrina,Latrisha,Launa,Laura,Lauralee,Lauran,Laure,Laureen,Laurel,Lauren,Laurena,Laurence,Laurene,Lauretta,Laurette,Lauri,Laurice,Laurie,Laurinda,Laurine,Lauryn,Lavada,Lavelle,Lavenia,Lavera,Lavern,Laverna,Laverne,Laveta,Lavette,Lavina,Lavinia,Lavon,Lavona,Lavonda,Lavone,Lavonia,Lavonna,Lavonne,Lawana,Lawanda,Lawanna,Lawrence,Layla,Layne,Le,Lea,Leah,Lean,Leana,Leandra,Leann,Leanna,Leanne,Leanora,Leatha,Leatrice,Lecia,Leda,Lee,Leeann,Leeanna,Leeanne,Leena,Leesa,Leia,Leida,Leigh,Leigha,Leighann,Leila,Leilani,Leisa,Leisha,Lekisha,Lela,Lelah,Lelia,Lena,Lenita,Lenna,Lennie,Lenora,Lenore,Leo,Leola,Leoma,Leon,Leona,Leonarda,Leone,Leonia,Leonida,Leonie,Leonila,Leonor,Leonora,Leonore,Leontine,Leora,Leota,Lera,Lesa,Lesha,Lesia,Leslee,Lesley,Lesli,Leslie,Lessie,Lester,Leta,Letha,Leticia,Letisha,Letitia,Lettie,Letty,Lewis,Lexie,Lezlie,Li,Lia,Liana,Liane,Lianne,Libbie,Libby,Liberty,Librada,Lida,Lidia,Lien,Lieselotte,Ligia,Lila,Lili,Lilia,Lilian,Liliana,Lilla,Lilli,Lillia,Lilliam,Lillian,Lilliana,Lillie,Lilly,Lily,Lin,Lina,Linda,Lindsay,Lindsey,Lindsy,Lindy,Linette,Ling,Linh,Linn,Linnea,Linnie,Linsey,Lisa,Lisabeth,Lisandra,Lisbeth,Lise,Lisette,Lisha,Lissa,Lissette,Lita,Livia,Liz,Liza,Lizabeth,Lizbeth,Lizeth,Lizette,Lizzette,Lizzie,Loan,Logan,Loida,Lois,Loise,Lola,Lolita,Loma,Lona,Londa,Loni,Lonna,Lonnie,Lora,Loraine,Loralee,Lore,Lorean,Loree,Loreen,Lorelei,Loren,Lorena,Lorene,Lorenza,Loreta,Loretta,Lorette,Lori,Loria,Loriann,Lorie,Lorilee,Lorina,Lorinda,Lorine,Loris,Lorita,Lorna,Lorraine,Lorretta,Lorri,Lorriane,Lorrie,Lorrine,Lory,Lottie,Lou,Louann,Louanne,Louella,Louetta,Louie,Louis,Louisa,Louise,Loura,Lourdes,Lourie,Louvenia,Love,Lovella,Lovetta,Lovie,Loyce,Lu,Luana,Luann,Luanna,Luanne,Luba,Luci,Lucia,Luciana,Lucie,Lucienne,Lucila,Lucile,Lucilla,Lucille,Lucina,Lucinda,Lucrecia,Lucretia,Lucy,Ludie,Ludivina,Lue,Luella,Luetta,Luis,Luisa,Luise,Lula,Lulu,Luna,Lupe,Lupita,Lura,Lurlene,Lurline,Luvenia,Luz,Lyda,Lydia,Lyla,Lyn,Lynda,Lyndia,Lyndsay,Lyndsey,Lynell,Lynelle,Lynetta,Lynette,Lynn,Lynna,Lynne,Lynnette,Lynsey,Ma,Mabel,Mabelle,Mable,Machelle,Macie,Mackenzie,Macy,Madalene,Madaline,Madalyn,Maddie,Madelaine,Madeleine,Madelene,Madeline,Madelyn,Madge,Madie,Madison,Madlyn,Madonna,Mae,Maegan,Mafalda,Magali,Magaly,Magan,Magaret,Magda,Magdalen,Magdalena,Magdalene,Magen,Maggie,Magnolia,Mahalia,Mai,Maia,Maida,Maile,Maira,Maire,Maisha,Maisie,Majorie,Makeda,Malena,Malia,Malika,Malinda,Malisa,Malissa,Malka,Mallie,Mallory,Malorie,Malvina,Mamie,Mammie,Man,Mana,Manda,Mandi,Mandie,Mandy,Manie,Manuela,Many,Mao,Maple,Mara,Maragaret,Maragret,Maranda,Marcela,Marcelene,Marcelina,Marceline,Marcell,Marcella,Marcelle,Marcene,Marchelle,Marci,Marcia,Marcie,Marcy,Mardell,Maren,Marg,Margaret,Margareta,Margarete,Margarett,Margaretta,Margarette,Margarita,Margarite,Margart,Marge,Margene,Margeret,Margert,Margery,Marget,Margherita,Margie,Margit,Margo,Margorie,Margot,Margret,Margrett,Marguerita,Marguerite,Margurite,Margy,Marhta,Mari,Maria,Mariah,Mariam,Marian,Mariana,Marianela,Mariann,Marianna,Marianne,Maribel,Maribeth,Marica,Maricela,Maricruz,Marie,Mariel,Mariela,Mariella,Marielle,Marietta,Mariette,Mariko,Marilee,Marilou,Marilu,Marilyn,Marilynn,Marin,Marina,Marinda,Marine,Mario,Marion,Maris,Marisa,Marisela,Marisha,Marisol,Marissa,Marita,Maritza,Marivel,Marjorie,Marjory,Mark,Marketta,Markita,Marla,Marlana,Marleen,Marlen,Marlena,Marlene,Marlin,Marline,Marlo,Marlyn,Marlys,Marna,Marni,Marnie,Marquerite,Marquetta,Marquita,Marquitta,Marry,Marsha,Marshall,Marta,Marth,Martha,Marti,Martin,Martina,Martine,Marty,Marva,Marvel,Marvella,Marvis,Marx,Mary,Marya,Maryalice,Maryam,Maryann,Maryanna,Maryanne,Marybelle,Marybeth,Maryellen,Maryetta,Maryjane,Maryjo,Maryland,Marylee,Marylin,Maryln,Marylou,Marylouise,Marylyn,Marylynn,Maryrose,Masako,Matha,Mathilda,Mathilde,Matilda,Matilde,Matthew,Mattie,Maud,Maude,Maudie,Maura,Maureen,Maurice,Maurine,Maurita,Mavis,Maxie,Maxima,Maximina,Maxine,May,Maya,Maybell,Maybelle,Maye,Mayme,Mayola,Mayra,Mazie,Mckenzie,Meagan,Meaghan,Mechelle,Meda,Mee,Meg,Megan,Meggan,Meghan,Meghann,Mei,Melaine,Melani,Melania,Melanie,Melany,Melba,Melda,Melia,Melida,Melina,Melinda,Melisa,Melissa,Melissia,Melita,Mellie,Mellisa,Mellissa,Melodee,Melodi,Melodie,Melody,Melonie,Melony,Melva,Melvin,Melvina,Melynda,Mendy,Mercedes,Mercedez,Mercy,Meredith,Meri,Merideth,Meridith,Merilyn,Merissa,Merle,Merlene,Merlyn,Merna,Merri,Merrie,Merrilee,Merrill,Merry,Mertie,Meryl,Meta,Mi,Mia,Mica,Micaela,Micah,Micha,Michael,Michaela,Michaele,Michal,Micheal,Michel,Michele,Michelina,Micheline,Michell,Michelle,Michiko,Mickey,Micki,Mickie,Miesha,Migdalia,Mignon,Miguelina,Mika,Mikaela,Mike,Miki,Mikki,Mila,Milagro,Milagros,Milda,Mildred,Milissa,Millicent,Millie,Milly,Mimi,Min,Mina,Minda,Mindi,Mindy,Minerva,Ming,Minh,Minna,Minnie,Minta,Mira,Miranda,Mireille,Mirella,Mireya,Miriam,Mirian,Mirna,Mirta,Mirtha,Misha,Miss,Missy,Misti,Mistie,Misty,Mitchell,Mitsue,Mitsuko,Mittie,Mitzi,Mitzie,Miyoko,Modesta,Moira,Mollie,Molly,Mona,Monet,Monica,Monika,Monique,Monnie,Monserrate,Moon,Mora,Morgan,Moriah,Mozell,Mozella,Mozelle,Mui,Muoi,Muriel,My,Myesha,Myong,Myra,Myriam,Myrl,Myrle,Myrna,Myrta,Myrtice,Myrtie,Myrtis,Myrtle,Myung,Na,Nada,Nadene,Nadia,Nadine,Naida,Nakesha,Nakia,Nakisha,Nakita,Nam,Nan,Nana,Nancee,Nancey,Nanci,Nancie,Nancy,Nanette,Nannette,Nannie,Naoma,Naomi,Narcisa,Natacha,Natalia,Natalie,Natalya,Natasha,Natashia,Nathalie,Natisha,Natividad,Natosha,Necole,Neda,Nedra,Neely,Neida,Nelda,Nelia,Nelida,Nell,Nella,Nelle,Nellie,Nelly,Nena,Nenita,Neoma,Neomi,Nereida,Nerissa,Nery,Neta,Nettie,Neva,Nevada,Nga,Ngan,Ngoc,Nguyet,Nia,Nichelle,Nichol,Nichole,Nicholle,Nicki,Nickie,Nickole,Nicky,Nicol,Nicola,Nicolasa,Nicole,Nicolette,Nicolle,Nida,Nidia,Niesha,Nieves,Niki,Nikia,Nikita,Nikki,Nikole,Nila,Nilda,Nilsa,Nina,Ninfa,Nisha,Nita,Nobuko,Noel,Noelia,Noella,Noelle,Noemi,Nohemi,Nola,Noma,Nona,Nora,Norah,Noreen,Norene,Noriko,Norine,Norma,Norman,Nova,Novella,Nu,Nubia,Numbers,Nydia,Nyla,Obdulia,Ocie,Octavia,Oda,Odelia,Odell,Odessa,Odette,Odilia,Ofelia,Ok,Ola,Olene,Oleta,Olevia,Olga,Olimpia,Olinda,Oliva,Olive,Olivia,Ollie,Olympia,Oma,Omega,Ona,Oneida,Onie,Onita,Opal,Ophelia,Ora,Oralee,Oralia,Oretha,Orpha,Oscar,Ossie,Otelia,Otha,Otilia,Ouida,Ozell,Ozella,Ozie,Pa,Page,Paige,Palma,Palmira,Pam,Pamala,Pamela,Pamelia,Pamella,Pamila,Pamula,Pandora,Pansy,Paola,Paris,Parthenia,Particia,Pasty,Pat,Patience,Patria,Patrica,Patrice,Patricia,Patrick,Patrina,Patsy,Patti,Pattie,Patty,Paul,Paula,Paulene,Pauletta,Paulette,Paulina,Pauline,Paulita,Paz,Pearl,Pearle,Pearlene,Pearlie,Pearline,Pearly,Peg,Peggie,Peggy,Pei,Penelope,Penney,Penni,Pennie,Penny,Perla,Perry,Peter,Petra,Petrina,Petronila,Phebe,Phillis,Philomena,Phoebe,Phung,Phuong,Phylicia,Phylis,Phyliss,Phyllis,Pia,Piedad,Pilar,Ping,Pinkie,Piper,Pok,Polly,Porsche,Porsha,Portia,Precious,Pricilla,Princess,Priscila,Priscilla,Providencia,Prudence,Pura,Qiana,Queen,Queenie,Quiana,Quinn,Quyen,Rachael,Rachal,Racheal,Rachel,Rachele,Rachell,Rachelle,Racquel,Rae,Raeann,Raelene,Rafaela,Raguel,Raina,Raisa,Ramona,Ramonita,Rana,Ranae,Randa,Randee,Randi,Randy,Ranee,Raquel,Rasheeda,Rashida,Raven,Ray,Raye,Raylene,Raymond,Raymonde,Rayna,Rea,Reagan,Reanna,Reatha,Reba,Rebbeca,Rebbecca,Rebeca,Rebecca,Rebecka,Rebekah,Reda,Reena,Refugia,Refugio,Regan,Regena,Regenia,Regina,Regine,Reginia,Reiko,Reina,Reita,Rema,Remedios,Remona,Rena,Renae,Renata,Renate,Renay,Renda,Rene,Renea,Renee,Renetta,Renita,Renna,Ressie,Reta,Retha,Retta,Reva,Reyna,Reynalda,Rhea,Rheba,Rhiannon,Rhoda,Rhona,Rhonda,Ria,Ricarda,Richard,Richelle,Ricki,Rickie,Rikki,Rima,Rina,Risa,Rita,Riva,Rivka,Robbi,Robbie,Robbin,Robbyn,Robena,Robert,Roberta,Roberto,Robin,Robyn,Rochel,Rochell,Rochelle,Rocio,Rolanda,Rolande,Roma,Romaine,Romana,Romelia,Romona,Rona,Ronald,Ronda,Roni,Ronna,Ronni,Ronnie,Rory,Rosa,Rosalba,Rosalee,Rosalia,Rosalie,Rosalina,Rosalind,Rosalinda,Rosaline,Rosalva,Rosalyn,Rosamaria,Rosamond,Rosana,Rosann,Rosanna,Rosanne,Rosaria,Rosario,Rosaura,Rose,Roseann,Roseanna,Roseanne,Roselee,Roselia,Roseline,Rosella,Roselle,Roselyn,Rosemarie,Rosemary,Rosena,Rosenda,Rosetta,Rosette,Rosia,Rosie,Rosina,Rosio,Rosita,Roslyn,Rossana,Rossie,Rosy,Rowena,Roxana,Roxane,Roxann,Roxanna,Roxanne,Roxie,Roxy,Roy,Royce,Rozanne,Rozella,Rubi,Rubie,Ruby,Rubye,Rudy,Rufina,Russell,Ruth,Rutha,Ruthann,Ruthanne,Ruthe,Ruthie,Ryan,Ryann,Sabina,Sabine,Sabra,Sabrina,Sacha,Sachiko,Sade,Sadie,Sadye,Sage,Salena,Salina,Salley,Sallie,Sally,Salome,Sam,Samantha,Samara,Samatha,Samella,Samira,Sammie,Sammy,Samuel,Sana,Sanda,Sandee,Sandi,Sandie,Sandra,Sandy,Sang,Sanjuana,Sanjuanita,Sanora,Santa,Santana,Santina,Santos,Sara,Sarah,Sarai,Saran,Sari,Sarina,Sarita,Sasha,Saturnina,Sau,Saundra,Savanna,Savannah,Scarlet,Scarlett,Scott,Scottie,Sean,Season,Sebrina,See,Seema,Selena,Selene,Selina,Selma,Sena,Senaida,September,Serafina,Serena,Serina,Serita,Setsuko,Sha,Shae,Shaina,Shakia,Shakira,Shakita,Shala,Shalanda,Shalon,Shalonda,Shameka,Shamika,Shan,Shana,Shanae,Shanda,Shandi,Shandra,Shane,Shaneka,Shanel,Shanell,Shanelle,Shani,Shanice,Shanika,Shaniqua,Shanita,Shanna,Shannan,Shannon,Shanon,Shanta,Shantae,Shantay,Shante,Shantel,Shantell,Shantelle,Shanti,Shaquana,Shaquita,Shara,Sharan,Sharda,Sharee,Sharell,Sharen,Shari,Sharice,Sharie,Sharika,Sharilyn,Sharita,Sharla,Sharleen,Sharlene,Sharmaine,Sharolyn,Sharon,Sharonda,Sharri,Sharron,Sharyl,Sharyn,Shasta,Shaun,Shauna,Shaunda,Shaunna,Shaunta,Shaunte,Shavon,Shavonda,Shavonne,Shawana,Shawanda,Shawanna,Shawn,Shawna,Shawnda,Shawnee,Shawnna,Shawnta,Shay,Shayla,Shayna,Shayne,Shea,Sheba,Sheena,Sheila,Sheilah,Shela,Shelba,Shelby,Shelia,Shella,Shelley,Shelli,Shellie,Shelly,Shemeka,Shemika,Shena,Shenika,Shenita,Shenna,Shera,Sheree,Sherell,Sheri,Sherice,Sheridan,Sherie,Sherika,Sherill,Sherilyn,Sherise,Sherita,Sherlene,Sherley,Sherly,Sherlyn,Sheron,Sherrell,Sherri,Sherrie,Sherril,Sherrill,Sherron,Sherry,Sherryl,Shery,Sheryl,Sheryll,Shiela,Shila,Shiloh,Shin,Shira,Shirely,Shirl,Shirlee,Shirleen,Shirlene,Shirley,Shirly,Shizue,Shizuko,Shona,Shonda,Shondra,Shonna,Shonta,Shoshana,Shu,Shyla,Sibyl,Sidney,Sierra,Signe,Sigrid,Silva,Silvana,Silvia,Sima,Simona,Simone,Simonne,Sina,Sindy,Siobhan,Sirena,Siu,Sixta,Skye,Slyvia,So,Socorro,Sofia,Soila,Sol,Solange,Soledad,Somer,Sommer,Son,Sona,Sondra,Song,Sonia,Sonja,Sonya,Soo,Sook,Soon,Sophia,Sophie,Soraya,Sparkle,Spring,Stacee,Stacey,Staci,Stacia,Stacie,Stacy,Star,Starla,Starr,Stasia,Stefani,Stefania,Stefanie,Stefany,Steffanie,Stella,Stepanie,Stephaine,Stephane,Stephani,Stephania,Stephanie,Stephany,Stephen,Stephenie,Stephine,Stephnie,Steven,Stevie,Stormy,Su,Suanne,Sudie,Sue,Sueann,Suellen,Suk,Sulema,Sumiko,Summer,Sun,Sunday,Sung,Sunni,Sunny,Sunshine,Susan,Susana,Susann,Susanna,Susannah,Susanne,Susie,Susy,Suzan,Suzann,Suzanna,Suzanne,Suzette,Suzi,Suzie,Suzy,Svetlana,Sybil,Syble,Sydney,Sylvia,Sylvie,Synthia,Syreeta,Ta,Tabatha,Tabetha,Tabitha,Tai,Taina,Taisha,Tajuana,Takako,Takisha,Talia,Talisha,Talitha,Tam,Tama,Tamala,Tamar,Tamara,Tamatha,Tambra,Tameika,Tameka,Tamekia,Tamela,Tamera,Tamesha,Tami,Tamica,Tamie,Tamika,Tamiko,Tamisha,Tammara,Tammera,Tammi,Tammie,Tammy,Tamra,Tana,Tandra,Tandy,Taneka,Tanesha,Tangela,Tania,Tanika,Tanisha,Tanja,Tanna,Tanya,Tara,Tarah,Taren,Tari,Tarra,Tarsha,Taryn,Tasha,Tashia,Tashina,Tasia,Tatiana,Tatum,Tatyana,Taunya,Tawana,Tawanda,Tawanna,Tawna,Tawny,Tawnya,Taylor,Tayna,Teena,Tegan,Teisha,Telma,Temeka,Temika,Tempie,Temple,Tena,Tenesha,Tenisha,Tennie,Tennille,Teodora,Teofila,Tequila,Tera,Tereasa,Teresa,Terese,Teresia,Teresita,Teressa,Teri,Terica,Terina,Terisa,Terra,Terrell,Terresa,Terri,Terrie,Terrilyn,Terry,Tesha,Tess,Tessa,Tessie,Thalia,Thanh,Thao,Thea,Theda,Thelma,Theo,Theodora,Theola,Theresa,Therese,Theresia,Theressa,Thersa,Thi,Thomas,Thomasena,Thomasina,Thomasine,Thora,Thresa,Thu,Thuy,Tia,Tiana,Tianna,Tiara,Tien,Tiera,Tierra,Tiesha,Tifany,Tiffaney,Tiffani,Tiffanie,Tiffany,Tiffiny,Tijuana,Tilda,Tillie,Timika,Timothy,Tina,Tinisha,Tiny,Tisa,Tish,Tisha,Tobi,Tobie,Toby,Toccara,Toi,Tomasa,Tomeka,Tomi,Tomika,Tomiko,Tommie,Tommy,Tommye,Tomoko,Tona,Tonda,Tonette,Toni,Tonia,Tonie,Tonisha,Tonita,Tonja,Tony,Tonya,Tora,Tori,Torie,Torri,Torrie,Tory,Tosha,Toshia,Toshiko,Tova,Towanda,Toya,Tracee,Tracey,Traci,Tracie,Tracy,Tran,Trang,Travis,Treasa,Treena,Trena,Tresa,Tressa,Tressie,Treva,Tricia,Trina,Trinh,Trinidad,Trinity,Trish,Trisha,Trista,Tristan,Troy,Trudi,Trudie,Trudy,Trula,Tu,Tula,Tuyet,Twana,Twanda,Twanna,Twila,Twyla,Tyesha,Tyisha,Tyler,Tynisha,Tyra,Ula,Ulrike,Un,Una,Ursula,Usha,Ute,Vada,Val,Valarie,Valda,Valencia,Valene,Valentina,Valentine,Valeri,Valeria,Valerie,Valery,Vallie,Valorie,Valrie,Van,Vanda,Vanesa,Vanessa,Vanetta,Vania,Vanita,Vanna,Vannesa,Vannessa,Vashti,Vasiliki,Veda,Velda,Velia,Vella,Velma,Velva,Velvet,Vena,Venessa,Venetta,Venice,Venita,Vennie,Venus,Veola,Vera,Verda,Verdell,Verdie,Verena,Vergie,Verla,Verlene,Verlie,Verline,Verna,Vernell,Vernetta,Vernia,Vernice,Vernie,Vernita,Vernon,Verona,Veronica,Veronika,Veronique,Versie,Vertie,Vesta,Veta,Vi,Vicenta,Vickey,Vicki,Vickie,Vicky,Victor,Victoria,Victorina,Vida,Viki,Vikki,Vilma,Vina,Vincenza,Vinita,Vinnie,Viola,Violet,Violeta,Violette,Virgen,Virgie,Virgil,Virgina,Virginia,Vita,Viva,Vivan,Vivian,Viviana,Vivien,Vivienne,Voncile,Vonda,Vonnie,Wai,Walter,Waltraud,Wan,Wanda,Waneta,Wanetta,Wanita,Wava,Wei,Wen,Wendi,Wendie,Wendolyn,Wendy,Wenona,Wesley,Whitley,Whitney,Wilda,Wilhelmina,Wilhemina,Willa,Willena,Willene,Willetta,Willette,Willia,William,Willie,Williemae,Willodean,Willow,Wilma,Windy,Winifred,Winnie,Winnifred,Winona,Winter,Wonda,Wynell,Wynona,Xenia,Xiao,Xiomara,Xochitl,Xuan,Yadira,Yaeko,Yael,Yahaira,Yajaira,Yan,Yang,Yanira,Yasmin,Yasmine,Yasuko,Yee,Yelena,Yen,Yer,Yesenia,Yessenia,Yetta,Yevette,Yi,Ying,Yoko,Yolanda,Yolande,Yolando,Yolonda,Yon,Yong,Yoshie,Yoshiko,Youlanda,Young,Yu,Yuette,Yuk,Yuki,Yukiko,Yuko,Yulanda,Yun,Yung,Yuonne,Yuri,Yuriko,Yvette,Yvone,Yvonne,Zada,Zaida,Zana,Zandra,Zelda,Zella,Zelma,Zena,Zenaida,Zenia,Zenobia,Zetta,Zina,Zita,Zoe,Zofia,Zoila,Zola,Zona,Zonia,Zora,Zoraida,Zula,Zulema,Zulma
AsianLastNames=Abad,Abalos,Abbas,Abbasi,Abdullah,Abe,Abella,Abraham,Acharya,Acoba,Acosta,Acuna,Adachi,Adams,Adriano,Advani,Afzal,Agarwal,Agbayani,Agcaoili,Aggarwal,Agrawal,Aguila,Aguilar,Aguinaldo,Aguirre,Aguon,Agustin,Ahluwalia,Ahmad,Ahmed,Ahn,Ahsan,Ahuja,Akamine,Akbar,Akhtar,Akhter,Akiyama,Akram,Akter,Alam,Alba,Albano,Alberto,Alcantara,Alegre,Alejandro,Alejo,Alexander,Alfonso,Ali,Allen,Almazan,Alonzo,Alvarado,Alvarez,Amin,An,Anand,Ancheta,Andaya,Anderson,Ando,Andrada,Andrade,Andres,Andrews,Ang,Angeles,Ansari,Anthony,Antonio,Anwar,Aoki,Apostol,Aquino,Aragon,Arai,Arakaki,Arakawa,Araki,Arce,Arceo,Arcilla,Arellano,Arevalo,Arif,Armstrong,Arnold,Arora,Arriola,Arshad,Asano,Asato,Ashraf,Asif,Aslam,Asuncion,Atienza,Atwal,Au,Aung,Austin,Austria,Auyeung,Avila,Awan,Azam,Aziz,Baba,Babu,Bacani,Baccam,Bacchus,Bach,Badua,Bae,Baek,Bai,Baig,Baik,Bailey,Bains,Bajaj,Bajwa,Bak,Baker,Baksh,Bakshi,Bal,Bala,Balakrishnan,Balasubramanian,Ballesteros,Baltazar,Baluyot,Ban,Banerjee,Bang,Banh,Bansal,Bao,Barnes,Barrera,Barrett,Bartolome,Basa,Bashir,Basilio,Bassi,Basu,Batra,Bautista,Beck,Bedi,Begum,Belen,Bell,Bello,Beltran,Benitez,Benjamin,Bennett,Benson,Bermudez,Bernabe,Bernal,Bernardo,Berry,Bhagat,Bhakta,Bhalla,Bhandari,Bhardwaj,Bhargava,Bhasin,Bhat,Bhatia,Bhatnagar,Bhatt,Bhattacharya,Bhatti,Bhavsar,Bhuiyan,Bi,Bibi,Bishop,Biswas,Black,Blanco,Blas,Bo,Bondoc,Bonifacio,Borja,Borromeo,Bose,Boyd,Bradley,Brahmbhatt,Brar,Bravo,Briones,Brooks,Brown,Bryant,Buenaventura,Bueno,Bui,Bumanglag,Bun,Burgos,Burke,Burns,Bustamante,Bustos,Butler,Butt,Byun,Caballero,Cabral,Cabrera,Cacho,Cadiz,Cai,Calderon,Cam,Camacho,Campbell,Campos,Canlas,Cao,Carandang,Cardenas,Cariaga,Carino,Carlos,Carlson,Carpenter,Carpio,Carreon,Carrillo,Carroll,Carter,Castaneda,Castillo,Castro,Cayabyab,Cen,Centeno,Cervantes,Cha,Chacko,Chadha,Chae,Chahal,Chai,Chakraborty,Chan,Chand,Chandra,Chang,Chanthavong,Chao,Chapman,Char,Chatterjee,Chau,Chaudhari,Chaudhary,Chaudhry,Chauhan,Chavez,Chawla,Che,Chea,Chee,Cheema,Chen,Cheng,Cheong,Cherian,Cheung,Chew,Chhabra,Chhay,Chhim,Chhun,Chi,Chia,Chiang,Chiao,Chiem,Chien,Chim,Chin,Chinen,Ching,Chinn,Chiou,Chiu,Cho,Chock,Choe,Chohan,Choi,Chokshi,Chon,Chong,Choo,Chopra,Chou,Choudhary,Choudhry,Choudhury,Choung,Chow,Chowdhury,Choy,Christian,Chu,Chua,Chuang,Chui,Chum,Chun,Chung,Chuong,Clark,Clemente,Co,Cole,Coleman,Collado,Collins,Coloma,Concepcion,Cong,Constantino,Contreras,Cook,Cooper,Cordero,Cordova,Coronel,Corpus,Corpuz,Correa,Cortes,Cortez,Costa,Cox,Craig,Crawford,Crisostomo,Cristobal,Cruz,Cu,Cuevas,Cui,Cummings,Cunanan,Cunningham,Custodio,Dacanay,Dai,Dalal,Dam,Dan,Dang,Danh,Daniel,Daniels,Dao,Dark,Das,Dasgupta,Dass,Datta,Dave,David,Davidson,Davis,Day,Dayrit,Dea,Dean,Decastro,Dee,Deguzman,Dejesus,Delacruz,Delapaz,Delapena,Delarosa,Deleon,Delgado,Delmundo,Delosreyes,Delossantos,Delrosario,Deng,Deo,Deocampo,Deol,Der,Desai,Deshmukh,Deshpande,Desilva,Desouza,Devera,Devi,Dey,Dhaliwal,Dhar,Dhillon,Dias,Diaz,Diep,Din,Ding,Dinh,Dionisio,Dixit,Dixon,Dizon,Do,Doan,Doe,Doi,Domingo,Dominguez,Dong,Doshi,Dsouza,Du,Duan,Duenas,Dulay,Dumlao,Duncan,Dunn,Duong,Duque,Duran,Dutt,Dutta,Dy,Edwards,Elliott,Ellis,Em,Encarnacion,Endo,Eng,Enriquez,Escobar,Esguerra,Espejo,Espino,Espinosa,Espiritu,Estacio,Esteban,Estrada,Estrella,Eugenio,Eusebio,Evangelista,Evans,Fajardo,Fan,Fang,Farooq,Farooqui,Fatima,Feliciano,Felipe,Felix,Feng,Ferguson,Fernandes,Fernandez,Fernando,Ferrer,Figueroa,Finau,Fisher,Florendo,Flores,Fok,Fong,Fontanilla,Foo,Ford,Foronda,Foster,Fox,Francis,Francisco,Franco,Frank,Franklin,Freeman,Frias,Fu,Fuentes,Fujii,Fujikawa,Fujimoto,Fujioka,Fujita,Fujiwara,Fukuda,Fukumoto,Fukunaga,Fukushima,Fuller,Fung,Furukawa,Gabriel,Galang,Gallardo,Galvez,Gamboa,Gan,Gandhi,Ganesan,Ganesh,Gao,Garcia,Gardner,Garg,Garrido,Gaspar,Gatchalian,Ge,Gee,George,Geronimo,Ghani,Ghosh,Giang,Gibson,Gilbert,Gill,Gin,Giron,Go,Goel,Goh,Gomes,Gomez,Gong,Gonsalves,Gonzaga,Gonzales,Gonzalez,Goo,Gopal,Gordon,Gorospe,Goswami,Goto,Goya,Goyal,Graham,Grant,Gray,Green,Greene,Gregorio,Grewal,Griffin,Grover,Gu,Guan,Guerrero,Guevara,Guevarra,Guillermo,Guinto,Gulati,Gunawan,Guo,Gupta,Gutierrez,Guzman,Ha,Habib,Hafeez,Hague,Hahn,Haider,Halim,Hall,Ham,Hamada,Hameed,Hamid,Hamilton,Han,Handa,Hang,Hanif,Hansen,Hanson,Hao,Haq,Haque,Hara,Harada,Harris,Harrison,Hart,Harvey,Hasan,Hasegawa,Hashimoto,Hashmi,Hassan,Hata,Hattori,Hau,Hawkins,Hay,Hayashi,Hayashida,Hayes,He,Hee,Hem,Henderson,Heng,Henry,Heo,Her,Hernandez,Herr,Herrera,Heu,Hicks,Hidalgo,Higa,Higashi,Higuchi,Hilario,Hill,Hing,Hipolito,Hirai,Hirano,Hirata,Hirose,Ho,Hoang,Hoffman,Holmes,Holt,Hom,Hon,Honda,Hong,Hoo,Hoque,Hori,Horiuchi,Hossain,Hou,Howard,Hoy,Hsia,Hsiao,Hsieh,Hsiung,Hsu,Hsueh,Hu,Hua,Huang,Hudson,Huey,Hughes,Huh,Hui,Huie,Hum,Hung,Hunt,Hunter,Huo,Hur,Husain,Hussain,Huynh,Hwang,Hy,Hyun,Ibanez,Ibarra,Ibrahim,Ichikawa,Ige,Ignacio,Iida,Ikeda,Ilagan,Im,Imai,Imamura,Imperial,In,Ing,Inoue,Inouye,Inthavong,Ip,Iqbal,Isaac,Ishibashi,Ishida,Ishihara,Ishii,Ishikawa,Islam,Ismail,Ito,Iwamoto,Iwasaki,Iwata,Iyengar,Iyer,Izumi,Jacinto,Jackson,Jacob,Jacobs,Jafri,Jahan,Jain,Jamal,James,Jamil,Jan,Jang,Jani,Javed,Javier,Jay,Jee,Jen,Jeng,Jenkins,Jennings,Jensen,Jeon,Jeong,Jew,Jha,Jhaveri,Ji,Jia,Jiang,Jim,Jimenez,Jin,Jing,Jo,Joaquin,Joe,Johal,John,Johnson,Johnston,Jones,Jong,Joo,Jordan,Jose,Joseph,Joshi,Jou,Joy,Ju,Juan,Jue,Julian,Jun,Jung,Kabir,Kadakia,Kahlon,Kahn,Kai,Kalra,Kam,Kamal,Kamath,Kamdar,Kan,Kanda,Kane,Kaneko,Kaneshiro,Kang,Kannan,Kao,Kapadia,Kapoor,Kapur,Karim,Katayama,Kato,Kau,Kaul,Kaur,Kawaguchi,Kawahara,Kawai,Kawakami,Kawamoto,Kawamura,Kawano,Kawasaki,Kawashima,Kay,Kazi,Kazmi,Ke,Kealoha,Kee,Kelley,Kelly,Kennedy,Keo,Kha,Khalid,Kham,Khan,Khang,Khanna,Khatoon,Khatri,Khatun,Khawaja,Khim,Kho,Khokhar,Khong,Khoo,Khurana,Khuu,Ki,Kiang,Kieu,Kikuchi,Kil,Kim,Kimura,Kin,King,Kinoshita,Kitagawa,Kitamura,Knight,Ko,Kobayashi,Kodama,Koga,Koh,Kohli,Kojima,Komatsu,Kondo,Kong,Konishi,Kono,Koo,Koshy,Kothari,Kou,Koyama,Krishna,Krishnamurthy,Krishnan,Ku,Kuan,Kuang,Kubo,Kubota,Kudo,Kue,Kulkarni,Kumar,Kung,Kuo,Kurian,Kurihara,Kuroda,Kuruvilla,Kwak,Kwan,Kwok,Kwon,Kwong,Ky,La,Labrador,Lac,Lacson,Lagman,Lai,Lakhani,Lal,Lalani,Lall,Lam,Lama,Lan,Lane,Lang,Lao,Lara,Larson,Latif,Latu,Lau,Law,Lawrence,Lay,Lazaro,Lazo,Le,Lea,Leano,Ledesma,Lee,Legaspi,Lei,Lem,Leng,Leo,Leon,Leong,Leu,Leung,Lew,Lewis,Li,Lian,Liang,Liao,Lie,Lien,Lieu,Liew,Lim,Lin,Lindsey,Ling,Liou,Liu,Liwanag,Lo,Lobo,Loh,Loi,Lok,Long,Loo,Look,Lopez,Lor,Lorenzo,Lou,Louie,Louis,Lovan,Low,Lowe,Lozano,Lu,Luc,Lucas,Lucero,Lue,Lui,Luk,Luke,Lum,Luna,Lung,Luo,Luong,Luu,Ly,Lynch,Ma,Mac,Macaraeg,Mach,Madamba,Madan,Madriaga,Madrid,Maeda,Magat,Magno,Mah,Mahajan,Maharaj,Mahmood,Mahmud,Mai,Mak,Malhotra,Malik,Mallari,Mam,Man,Manalang,Manalo,Manansala,Mang,Mani,Manivong,Mann,Manuel,Manzano,Mao,Mar,Marasigan,Marcelo,Marcos,Mariano,Mark,Marquez,Marshall,Martin,Martinez,Maruyama,Marzan,Masih,Mason,Masood,Masuda,Mata,Mateo,Mathai,Mathew,Mathews,Mathur,Matias,Matsuda,Matsui,Matsumoto,Matsumura,Matsunaga,Matsuo,Matsuoka,Matsushita,Matsuura,Matthews,Mau,Maung,May,Mayeda,Mayo,Mcdonald,Meas,Medeiros,Medina,Medrano,Mehra,Mehta,Mei,Mejia,Memon,Men,Mendez,Mendiola,Mendoza,Meneses,Meng,Menon,Mercado,Merchant,Meyer,Miah,Mian,Miao,Michael,Miguel,Miller,Mills,Min,Mina,Minami,Ming,Minhas,Mir,Miranda,Mirza,Mishra,Misra,Mistry,Mitchell,Mitra,Mittal,Miura,Miyake,Miyamoto,Miyasato,Miyashiro,Miyata,Miyazaki,Mizuno,Mo,Mochizuki,Mock,Modi,Mody,Mohamed,Mohammad,Mohammed,Mohan,Mohiuddin,Mojica,Mok,Molina,Momin,Mong,Montemayor,Montero,Montgomery,Montoya,Monzon,Moon,Moore,Morales,Moreno,Morgan,Mori,Morikawa,Morimoto,Morin,Morita,Morris,Morrison,Moses,Moua,Moy,Mu,Muhammad,Mui,Mukai,Mukherjee,Mun,Munoz,Murakami,Muraoka,Murata,Murphy,Murray,Murthy,Mustafa,Myers,Myint,Myung,Naeem,Nagai,Nagata,Naidu,Naik,Nair,Naito,Nakagawa,Nakahara,Nakai,Nakajima,Nakama,Nakamoto,Nakamura,Nakanishi,Nakano,Nakao,Nakashima,Nakasone,Nakata,Nakatani,Nakayama,Nam,Nanda,Naqvi,Narang,Narayan,Narayanan,Narciso,Nasir,Natarajan,Nath,Nathan,Natividad,Navarro,Nawaz,Nayak,Nazareno,Nelson,Nepomuceno,Newman,Ng,Ngai,Ngan,Nghiem,Ngo,Ngu,Nguy,Nguyen,Nguyenthi,Nhan,Ni,Nichols,Nicolas,Nie,Nijjar,Ning,Ninh,Nishi,Nishida,Nishikawa,Nishimoto,Nishimura,Nishioka,Nishiyama,Nitta,Niu,No,Noda,Noguchi,Noh,Nomura,Nong,Nunez,Obrien,Ocampo,Oda,Ogata,Ogawa,Oh,Ohara,Ohashi,Oishi,Ok,Oka,Okada,Okamoto,Okamura,Okazaki,Oki,Okimoto,Okubo,Okuda,Okumura,Oliva,Oliver,Olson,Om,Omori,On,Ong,Onishi,Ono,Oo,Ordonez,Ortega,Ortiz,Oshima,Oshiro,Ota,Otani,Otsuka,Ou,Ouk,Oum,Ouyang,Owens,Oyama,Oza,Ozaki,Ozawa,Pablo,Pacheco,Padilla,Padua,Pae,Paek,Pagaduan,Pai,Paik,Pak,Pal,Palma,Palmer,Pan,Panchal,Pandey,Pandit,Pandya,Pang,Pangan,Panganiban,Pangelinan,Pangilinan,Panjwani,Pao,Papa,Paras,Paredes,Parekh,Parikh,Park,Parker,Parks,Parmar,Pascua,Pascual,Pasion,Patel,Pathak,Patil,Patterson,Paul,Paulino,Payne,Paz,Pearson,Pei,Pen,Pena,Peng,Peralta,Pereira,Perera,Perez,Perkins,Perry,Persaud,Peter,Peters,Peterson,Pham,Phan,Phang,Philip,Phillips,Pho,Phong,Phu,Phung,Phuong,Pi,Pierce,Pillai,Pimentel,Pineda,Ping,Pinto,Po,Poblete,Pon,Ponce,Pong,Poon,Porter,Powell,Powers,Prabhu,Pradhan,Prado,Prak,Prakash,Prasad,Price,Prom,Pu,Pulido,Pun,Pung,Punzalan,Puri,Purohit,Pyon,Qazi,Qi,Qian,Qin,Qiu,Qu,Quach,Quadri,Quan,Quang,Quiambao,Quijano,Quinto,Quon,Qureshi,Ra,Radhakrishnan,Raghavan,Rahim,Rahman,Rai,Raj,Raja,Rajagopalan,Rajan,Raju,Ram,Ramachandran,Ramakrishnan,Raman,Ramanathan,Ramaswamy,Ramesh,Ramirez,Ramos,Rana,Randhawa,Rani,Rao,Rasheed,Rashid,Rastogi,Raval,Ravi,Ray,Raymundo,Raza,Reddy,Reed,Rehman,Reid,Ren,Resurreccion,Reyes,Reynolds,Rhee,Rho,Riaz,Rice,Richards,Richardson,Riley,Rim,Rivera,Rizvi,Ro,Roberts,Robertson,Robinson,Robles,Rodrigues,Rodriguez,Rogers,Roh,Rojas,Roldan,Roman,Romero,Rong,Ronquillo,Roque,Ros,Rosales,Rosario,Rose,Rosete,Ross,Roxas,Roy,Ruan,Rubio,Ruiz,Russell,Ryan,Ryu,Sabado,Sablan,Sachdev,Sachdeva,Saechao,Saeed,Saelee,Saephan,Saephanh,Saetern,Saeteurn,Sagun,Saha,Sahota,Saiki,Saini,Saito,Sakaguchi,Sakai,Sakamoto,Sakata,Sakuma,Sakurai,Salas,Salazar,Salcedo,Saleem,Sales,Salgado,Salim,Salinas,Salonga,Salvador,Sam,Samonte,Samra,Samson,Samuel,San,Sanchez,Sanders,Sandhu,Sandoval,Sang,Sangha,Sanjose,Sanjuan,Sankar,Sannicolas,Sanpedro,Santiago,Santos,Sao,Sar,Sarkar,Sarmiento,Sarwar,Sasaki,Sato,Sawhney,Saxena,Say,Sayavong,Schmidt,Schultz,Scott,Sebastian,See,Sehgal,Sekhon,Seki,Sem,Sen,Seng,Sengupta,Seo,Serrano,Seth,Sethi,Seto,Sevilla,Sha,Shah,Shahid,Shaikh,Shan,Shang,Shankar,Shao,Sharif,Sharma,Shaw,Sheikh,Shek,Shen,Sheng,Shenoy,Sheth,Shetty,Sheu,Shi,Shibata,Shieh,Shih,Shim,Shimabukuro,Shimada,Shimizu,Shin,Shinn,Shiroma,Shishido,Shiu,Shon,Shrestha,Shroff,Shu,Shukla,Shum,Si,Sia,Siddiqi,Siddique,Siddiqui,Sidhu,Siharath,Silva,Sim,Simmons,Simon,Simpson,Sin,Sing,Singh,Singhal,Singson,Sinha,Sison,Sit,Situ,Siu,Smith,Snyder,So,Soh,Sohn,Sok,Solanki,Solis,Solomon,Som,Son,Song,Soni,Soo,Sood,Soohoo,Soon,Soong,Soriano,Soto,Sou,Souza,Spencer,Srey,Sridhar,Srinivasan,Srivastava,Stanley,Stephens,Stevens,Stewart,Stone,Su,Suarez,Subramaniam,Subramanian,Sue,Suen,Sugimoto,Sugiyama,Suh,Sui,Suk,Sullivan,Sultan,Sultana,Sum,Sumida,Sun,Sundaram,Sung,Sunga,Suon,Suresh,Suri,Suzuki,Swaminathan,Sy,Syed,Sze,Szeto,Ta,Tahir,Tai,Tailor,Taing,Taira,Tak,Takagi,Takahashi,Takaki,Takara,Takata,Takayama,Takeda,Takemoto,Takeshita,Taketa,Takeuchi,Tam,Tamanaha,Tamashiro,Tamayo,Tamura,Tan,Tanabe,Tanaka,Tandon,Tang,Tani,Taniguchi,Tao,Tariq,Tat,Tay,Tayag,Taylor,Te,Tea,Tecson,Tee,Tejada,Teng,Tenorio,Teo,Tep,Terada,Teruya,Thach,Thai,Thaker,Thakkar,Thakur,Tham,Thammavong,Thammavongsa,Than,Thang,Thao,Thi,Thomas,Thompson,Thong,Thor,Tian,Tien,Tieu,Tin,Ting,Tiu,Tiwari,To,Tokunaga,Toledo,Tolentino,Tom,Toma,Tomas,Tomita,Ton,Tong,Toor,Torio,Torres,Touch,Toy,Toyama,Tram,Tran,Trang,Trieu,Trinh,Trinidad,Tripathi,Trivedi,Troung,Truong,Tsai,Tsan,Tsang,Tsao,Tsay,Tse,Tseng,Tso,Tsoi,Tsou,Tsui,Tsuji,Tsukamoto,Tu,Tuazon,Tucker,Tun,Tung,Turner,Ty,Uchida,Uddin,Ueda,Uehara,Ullah,Um,Umali,Un,Ung,Upadhyay,Uppal,Uy,Uyeda,Uyehara,Vaidya,Valdez,Valencia,Valenzuela,Valera,Valerio,Van,Vang,Vann,Vargas,Varghese,Varma,Varughese,Vasquez,Vea,Vega,Velasco,Velasquez,Venkataraman,Venkatesh,Ventura,Vergara,Verma,Vi,Vicente,Victoria,Vidal,Vien,Viernes,Villa,Villamor,Villanueva,Villar,Villareal,Villegas,Viloria,Vincent,Vinh,Virani,Viray,Virk,Viswanathan,Vitug,Vo,Vohra,Vong,Voong,Vora,Vu,Vue,Vuong,Vy,Vyas,Wada,Wagner,Wai,Walia,Walker,Wallace,Walsh,Walters,Wan,Wang,Ward,Warren,Watanabe,Watson,Weaver,Webb,Weber,Wee,Wei,Welch,Wells,Wen,Weng,West,Whang,Wheeler,White,Widjaja,Williams,Willis,Wilson,Win,Wing,Won,Wong,Woo,Wood,Woods,Wright,Wu,Xi,Xia,Xiang,Xiao,Xie,Xin,Xing,Xiong,Xu,Xue,Yabut,Yadao,Yadav,Yagi,Yam,Yamada,Yamaguchi,Yamamoto,Yamanaka,Yamane,Yamasaki,Yamashiro,Yamashita,Yamauchi,Yamazaki,Yambao,Yan,Yang,Yano,Yao,Yap,Yasuda,Yau,Ye,Yee,Yeh,Yen,Yeo,Yeung,Yi,Yim,Yin,Ying,Yip,Yiu,Yo,Yokota,Yokoyama,Yon,Yong,Yoo,Yoon,Yoshida,Yoshikawa,Yoshimoto,Yoshimura,Yoshino,Yoshioka,You,Youn,Young,Yousuf,Yu,Yuan,Yue,Yuen,Yum,Yun,Yung,Zabala,Zafar,Zaidi,Zaman,Zamora,Zapanta,Zee,Zeng,Zhan,Zhang,Zhao,Zhen,Zheng,Zhong,Zhou,Zhu,Zhuang,Zia,Zou
BlackLastNames=Aaron,Abbott,Abdullah,Abernathy,Abney,Abraham,Abram,Abrams,Adams,Addison,Adkins,Agee,Agnew,Ahmed,Aiken,Aikens,Akins,Albert,Aldridge,Alexander,Alexis,Alford,Alfred,Ali,Allen,Alleyne,Allison,Alston,Ambrose,Amos,Anderson,Andre,Andrews,Anthony,Antoine,Applewhite,Arceneaux,Archer,Archie,Armour,Armstead,Armstrong,Arnold,Arrington,Arthur,Artis,Ash,Ashby,Ashe,Ashford,Ashley,Askew,Atkins,Atkinson,Auguste,Augustin,Augustine,Austin,Avant,Avery,Ayers,Bacon,Bagley,Bailey,Baines,Baker,Baldwin,Ball,Ballard,Bankhead,Banks,Bankston,Bannister,Baptiste,Barbee,Barber,Barbour,Barfield,Barker,Barkley,Barksdale,Barlow,Barner,Barnes,Barnett,Barney,Barr,Barrett,Barron,Barrow,Barry,Bartley,Barton,Baskerville,Baskin,Bass,Bassett,Bates,Batiste,Battle,Battles,Batts,Baugh,Baxter,Baylor,Beal,Beamon,Bean,Beard,Beasley,Beatty,Beavers,Beck,Beckett,Beckford,Bedford,Belcher,Bell,Bellamy,Belle,Belton,Bender,Benford,Benjamin,Bennett,Benoit,Benson,Bentley,Benton,Bernard,Berry,Bess,Best,Bethea,Bethel,Betts,Beverly,Bey,Bibbs,Biggs,Billings,Billingsley,Billups,Bingham,Bishop,Bivens,Bivins,Black,Blackburn,Blackman,Blackmon,Blackshear,Blackwell,Blair,Blake,Blakely,Blanchard,Bland,Blanding,Blanks,Blanton,Bledsoe,Blocker,Blount,Blue,Blunt,Boatwright,Bobo,Boddie,Bogan,Bolden,Boles,Bolling,Bolton,Bond,Bonds,Bonner,Booker,Boone,Booth,Borden,Borders,Bostic,Bostick,Boston,Boswell,Bowden,Bowen,Bowens,Bowers,Bowie,Bowles,Bowman,Bowser,Boyce,Boyd,Boyer,Boykin,Boykins,Bracey,Bradford,Bradley,Bradshaw,Brady,Bragg,Braggs,Branch,Brandon,Brannon,Brantley,Braswell,Brathwaite,Braxton,Bray,Breaux,Brent,Brewer,Brewington,Brewster,Brice,Bridges,Briggs,Bright,Brinkley,Brinson,Briscoe,Britt,Britton,Broadnax,Broadway,Brock,Brockington,Bronson,Brookins,Brooks,Broughton,Broussard,Brown,Browne,Browning,Brownlee,Bruce,Brumfield,Brunson,Bryan,Bryant,Bryson,Buchanan,Buck,Buckley,Buckner,Buford,Buggs,Buie,Bullard,Bullock,Bunch,Burch,Burden,Burgess,Burke,Burks,Burley,Burnett,Burnette,Burney,Burns,Burnside,Burrell,Burris,Burroughs,Burt,Burton,Burwell,Busby,Bush,Bussey,Butcher,Butler,Butts,Byers,Bynum,Byrd,Cade,Cadet,Caesar,Cage,Cain,Caldwell,Calhoun,Callahan,Callaway,Callender,Calloway,Calvin,Cameron,Camp,Campbell,Canada,Canady,Cannady,Cannon,Canty,Capers,Carey,Carlisle,Carlton,Carmichael,Carney,Carpenter,Carr,Carrington,Carroll,Carson,Carswell,Carter,Cartwright,Casey,Cash,Cason,Caston,Cathey,Cato,Causey,Ceasar,Celestin,Celestine,Chambers,Chambliss,Champion,Chance,Chandler,Chaney,Chapman,Chappell,Charles,Charleston,Chase,Chatman,Chavis,Cheatham,Cheek,Cheeks,Cherry,Chery,Chester,Chestnut,Childress,Childs,Chisholm,Chism,Chisolm,Choice,Christian,Christie,Christmas,Christopher,Church,Claiborne,Clanton,Clark,Clarke,Clay,Clayton,Clement,Clements,Clemmons,Clemons,Cleveland,Clifton,Clinton,Cloud,Coates,Coats,Cobb,Cobbs,Cochran,Cockrell,Cody,Coffey,Cofield,Cohen,Coker,Colbert,Cole,Coleman,Coles,Coley,Collier,Collins,Colvin,Combs,Comer,Compton,Coney,Conley,Conner,Connor,Conway,Conyers,Cook,Cooke,Cooks,Cooley,Cooper,Copeland,Corbett,Corbin,Corley,Cormier,Cornelius,Cornish,Cosby,Coston,Cotton,Coulter,Council,Courtney,Cousin,Cousins,Covington,Cowan,Coward,Cox,Craft,Craig,Crawford,Crawley,Crayton,Crenshaw,Crews,Crockett,Cromwell,Croom,Crosby,Cross,Crowder,Crowell,Crump,Crutcher,Crutchfield,Cruz,Culpepper,Culver,Cummings,Cunningham,Cureton,Currie,Curry,Curtis,Dabney,Dailey,Dale,Daley,Dallas,Dalton,Dancy,Dandridge,Daniel,Daniels,Dantzler,Darby,Darden,Davenport,David,Davidson,Davis,Davison,Dawkins,Dawson,Day,Daye,Deal,Dean,Deas,Deberry,Debose,Delaney,Deloach,Deloatch,Dennis,Denson,Dent,Denton,Desir,Dewberry,Diallo,Diaz,Dickens,Dickerson,Dickey,Dickson,Diggs,Dillard,Dillon,Dilworth,Dingle,Dinkins,Dix,Dixon,Dobbins,Dobbs,Dobson,Dockery,Dodd,Dodson,Doe,Donald,Donaldson,Dorsey,Dortch,Doss,Dotson,Douglas,Dove,Dowdell,Dowdy,Dowell,Downing,Downs,Doyle,Dozier,Drake,Draper,Drayton,Drew,Driver,Drummond,Dubose,Duckett,Dudley,Duke,Dukes,Dumas,Dunbar,Duncan,Dunham,Dunlap,Dunn,Dunson,Dunston,Dupree,Durant,Durden,Durham,Durr,Dye,Dyer,Dykes,Dyson,Eaddy,Eady,Ealy,Earl,Early,Easley,Eason,Easter,Easterling,Eaton,Echols,Edmond,Edmonds,Edmondson,Edward,Edwards,Elam,Elder,Eldridge,Eley,Ellington,Elliott,Ellis,Ellison,Elmore,Emanuel,Emerson,English,Epps,Ervin,Estes,Etheridge,Etienne,Eubanks,Eugene,Evans,Everett,Ewing,Ezell,Fair,Fairley,Faison,Farley,Farmer,Farr,Farrar,Farrell,Farris,Farrow,Faulk,Faulkner,Favors,Fears,Feaster,Felder,Felix,Felton,Fennell,Ferguson,Fernandez,Ferrell,Fields,Finch,Finley,Finney,Fisher,Fitzgerald,Fitzpatrick,Flagg,Flanagan,Fleming,Flemming,Fletcher,Flood,Florence,Flournoy,Flowers,Floyd,Fluellen,Fluker,Fontenot,Foote,Forbes,Ford,Forde,Foreman,Forrest,Fort,Forte,Fortson,Fortune,Foster,Fountain,Fowler,Fowlkes,Fox,Foy,France,Francis,Francois,Frank,Franklin,Franks,Fraser,Frasier,Frazier,Frederick,Freeman,French,Friday,Frierson,Frost,Frye,Fuller,Fulton,Fuqua,Gabriel,Gaddis,Gaddy,Gadsden,Gadson,Gage,Gaines,Gainey,Gaither,Gales,Galloway,Gamble,Gandy,Gant,Gantt,Garcia,Gardner,Garland,Garner,Garnett,Garrett,Garrison,Garvin,Gary,Gaskin,Gaskins,Gaston,Gates,Gatewood,Gatlin,Gatling,Gause,Gavin,Gay,Gayle,Gee,Gentry,George,Gerald,German,Germany,Geter,Gholston,Gibbons,Gibbs,Gibson,Gilbert,Gilchrist,Giles,Gill,Gillard,Gillespie,Gilliam,Gilliard,Gillis,Gilmore,Gipson,Gist,Gittens,Givens,Gladden,Gladney,Glasper,Glass,Glenn,Glover,Godfrey,Godwin,Goff,Goins,Golden,Goldsmith,Gomez,Gonzalez,Gooch,Good,Goode,Gooden,Goodman,Goodson,Goodwin,Goolsby,Gordon,Gore,Gorham,Goss,Gould,Govan,Grace,Grady,Graham,Granger,Grant,Graves,Gray,Grays,Grayson,Green,Greene,Greenwood,Greer,Gregg,Gregory,Gresham,Grey,Grice,Grier,Griffin,Griffith,Griggs,Grigsby,Grimes,Grooms,Gross,Groves,Guidry,Guillory,Gulley,Gunn,Gunter,Guy,Guyton,Hackett,Hadley,Haile,Hailey,Hairston,Hale,Haley,Hall,Ham,Hamilton,Hamlin,Hamm,Hammond,Hammonds,Hampton,Hancock,Handy,Haney,Hankerson,Hankins,Hanna,Hannah,Hanson,Hardaway,Hardeman,Harden,Hardin,Harding,Hardison,Hardwick,Hardy,Hargrove,Harley,Harmon,Harper,Harrell,Harrington,Harris,Harrison,Harry,Hart,Hartfield,Harvey,Haskins,Hassan,Hatcher,Hatchett,Hatten,Hawkins,Hawthorne,Hayden,Hayes,Haynes,Hayward,Haywood,Head,Heard,Hearn,Heath,Hebert,Hector,Hemingway,Hemphill,Henderson,Hendricks,Hendrix,Henley,Henry,Henson,Herbert,Hernandez,Herndon,Herring,Herron,Hester,Hewitt,Heyward,Hickman,Hicks,Hickson,Higgins,Higgs,High,Hightower,Hill,Hilliard,Hillman,Hills,Hilton,Hinds,Hines,Hinson,Hinton,Hobbs,Hobson,Hodge,Hodges,Hogan,Holden,Holder,Holiday,Holland,Holley,Holliday,Hollingsworth,Hollins,Hollis,Holloman,Holloway,Holly,Holman,Holmes,Holt,Hood,Hooker,Hooks,Hooper,Hoover,Hope,Hopkins,Hopson,Horn,Horne,Horton,Hoskins,House,Houston,Howard,Howell,Howze,Hubbard,Hudgins,Hudson,Huff,Huffman,Huggins,Hughes,Hughley,Hull,Humphrey,Humphries,Hunt,Hunter,Huntley,Hurd,Hurst,Hurt,Hutcherson,Hutchins,Hutchinson,Hutton,Hyde,Hylton,Hyman,Ingram,Irby,Irvin,Irving,Isaac,Isom,Ivery,Ivey,Ivory,Ivy,Jack,Jackson,Jacob,Jacobs,Jacques,Jamerson,James,Jamison,Jarrett,Jarvis,Jasper,Jean,Jeanbaptiste,Jeanlouis,Jeanpierre,Jefferies,Jeffers,Jefferson,Jeffery,Jeffries,Jemison,Jenkins,Jennings,Jernigan,Jeter,Jett,Jiles,Joe,John,Johns,Johnson,Johnston,Joiner,Jolly,Jones,Jordan,Jordon,Joseph,Joyce,Joyner,Julien,Justice,Kamara,Kearney,Keaton,Kee,Keith,Keller,Kelley,Kelly,Kemp,Kendall,Kendrick,Kennedy,Kenney,Kent,Kerr,Key,Keyes,Keys,Kidd,Kilgore,Kilpatrick,Kimble,Kimbrough,Kinard,King,Kinney,Kinsey,Kirby,Kirk,Kirkland,Kirksey,Kirkwood,Kitchen,Knight,Knowles,Knox,Kornegay,Kyle,Kyles,Lacey,Lackey,Lacy,Ladson,Lake,Lamar,Lamb,Lambert,Lampkin,Lancaster,Land,Landers,Landrum,Landry,Lane,Lang,Langford,Langley,Langston,Lanier,Larkin,Larkins,Larry,Lassiter,Laster,Latham,Latimer,Latimore,Lattimore,Law,Lawrence,Laws,Lawson,Lawton,Layne,Leach,Leak,Leary,Leblanc,Ledbetter,Lee,Leflore,Leggett,Lemon,Lemons,Leon,Leonard,Leslie,Lester,Lett,Levy,Lewis,Liddell,Liggins,Lightfoot,Ligon,Lilly,Lincoln,Lindsay,Lindsey,Linton,Lipscomb,Little,Littlejohn,Littles,Littleton,Livingston,Lloyd,Locke,Lockett,Lockhart,Lofton,Logan,Lomax,London,Long,Lopez,Lott,Louis,Love,Lovelace,Lovett,Loving,Lowe,Lowery,Loyd,Lucas,Luckett,Luckey,Luke,Lumpkin,Lundy,Luster,Lyles,Lynch,Lynn,Lyons,Mabry,Mack,Mackey,Macklin,Macon,Madden,Maddox,Madison,Magee,Mahone,Major,Majors,Malcolm,Mallard,Mallory,Malloy,Malone,Mangum,Manley,Mann,Manning,Manns,Manson,Manuel,Mapp,Marable,Marcus,Marion,Mark,Marks,Marsh,Marshall,Martin,Martinez,Mason,Massey,Mathews,Mathis,Matlock,Matthew,Matthews,Mattox,Maxey,Maxwell,May,Mayberry,Maye,Mayers,Mayes,Mayfield,Maynard,Mayo,Mays,Mcafee,Mcallister,Mcarthur,Mcbride,Mccain,Mccall,Mccallum,Mccann,Mccants,Mccarter,Mccarthy,Mccarty,Mccaskill,Mccauley,Mcclain,Mcclary,Mcclellan,Mcclendon,Mcclinton,Mccloud,Mcclure,Mccollum,Mcconnell,Mccord,Mccormick,Mccoy,Mccrary,Mccray,Mccree,Mccullough,Mccullum,Mcdade,Mcdaniel,Mcdaniels,Mcdonald,Mcdowell,Mcduffie,Mcelroy,Mcfadden,Mcfarland,Mcfarlane,Mcgee,Mcghee,Mcgill,Mcginnis,Mcgowan,Mcgraw,Mcgregor,Mcgriff,Mcgruder,Mcguire,Mchenry,Mcintosh,Mcintyre,Mciver,Mckay,Mckee,Mckenzie,Mckinley,Mckinney,Mckinnon,Mcknight,Mckoy,Mclaughlin,Mclaurin,Mclean,Mclemore,Mclendon,Mcleod,Mcmillan,Mcmillian,Mcmullen,Mcnair,Mcneal,Mcneil,Mcneill,Mcpherson,Mcqueen,Mcrae,Mcwilliams,Meadows,Means,Medley,Meeks,Melton,Melvin,Mensah,Mercer,Merchant,Meredith,Merritt,Merriweather,Metcalf,Meyers,Michael,Michel,Mickens,Middlebrooks,Middleton,Miles,Mill,Miller,Milligan,Mills,Milner,Milton,Mims,Mincey,Mingo,Minor,Minter,Mitchel,Mitchell,Mixon,Mobley,Moffett,Mohamed,Mohammed,Moise,Monroe,Montague,Montgomery,Moody,Moon,Moore,Moorer,Moran,Moreland,Morgan,Morris,Morrison,Morrow,Morse,Morton,Mosby,Moseley,Mosely,Moses,Mosley,Moss,Moten,Motley,Moton,Moultrie,Mouton,Moye,Muhammad,Muldrow,Mullen,Mullins,Murdock,Murphy,Murray,Murrell,Murry,Muse,Myers,Myles,Myrick,Nance,Napier,Narcisse,Nash,Nathan,Naylor,Neal,Nealy,Neely,Nelson,Nesbitt,Nesmith,Nettles,Newby,Newell,Newkirk,Newman,Newsom,Newsome,Newson,Newton,Nicholas,Nichols,Nicholson,Nickerson,Nix,Nixon,Noble,Nobles,Noel,Nolan,Norfleet,Norman,Norris,North,Norton,Norwood,Nunn,Oates,Oden,Odom,Oglesby,Ogletree,Oliver,Oneal,Oneil,Orange,Orr,Osborne,Outlaw,Overstreet,Overton,Owens,Pace,Pack,Page,Paige,Palmer,Pannell,Parham,Paris,Parker,Parks,Parnell,Parris,Parrish,Parson,Parsons,Pate,Patrick,Patterson,Patton,Paul,Payne,Payton,Peace,Peacock,Pearson,Peebles,Peeples,Pegues,Pendleton,Penn,Pennington,Penny,Peoples,Perdue,Perez,Perkins,Perry,Perryman,Person,Pete,Peters,Peterson,Pettaway,Pettiford,Pettigrew,Pettis,Pettus,Pettway,Petty,Peyton,Phelps,Phifer,Phillip,Phillips,Phipps,Pickens,Pickett,Pierce,Pierre,Pierrelouis,Pierson,Pinckney,Pinkney,Pinkston,Pitt,Pittman,Pitts,Pleasant,Plummer,Poe,Poindexter,Pointer,Polite,Polk,Pollard,Ponder,Poole,Pope,Porter,Portis,Posey,Potter,Potts,Powe,Powell,Powers,Prater,Prather,Pratt,Prescott,Presley,Pressley,Preston,Price,Pride,Prince,Pringle,Pritchett,Proctor,Pruitt,Pryor,Pugh,Pulley,Pulliam,Purnell,Purvis,Qualls,Quarles,Queen,Quick,Quinn,Radford,Ragin,Ragland,Raines,Rainey,Ramey,Ramos,Ramsey,Randall,Randle,Randolph,Rankin,Rankins,Ransom,Ratcliff,Ratliff,Rawls,Ray,Rayford,Raymond,Reaves,Redd,Reddick,Redding,Redmond,Reece,Reed,Reeder,Reese,Reeves,Reid,Rembert,Reynolds,Rhodes,Rhone,Rice,Rich,Richard,Richards,Richardson,Richmond,Ricketts,Ricks,Riddick,Riddle,Ridley,Riggins,Riggs,Riley,Rivera,Rivers,Roach,Robbins,Roberson,Robert,Roberts,Robertson,Robins,Robinson,Roby,Rodgers,Rodriguez,Rogers,Roland,Rolle,Rollins,Rooks,Roper,Rose,Ross,Rosser,Roundtree,Rouse,Rowe,Rowell,Rowland,Roy,Royal,Royster,Rozier,Rucker,Rudd,Rudolph,Ruff,Ruffin,Rumph,Rush,Rushing,Russ,Russell,Rutherford,Rutledge,Ryan,Saddler,Sadler,Sales,Salley,Salmon,Salter,Sam,Sample,Sampson,Sams,Samuel,Samuels,Sanchez,Sanders,Sandifer,Sands,Sanford,Santos,Sapp,Sargent,Satterwhite,Saunders,Savage,Savoy,Sawyer,Sayles,Scales,Scott,Scroggins,Scruggs,Seals,Searcy,Sears,Seay,Sellers,Session,Sessoms,Settles,Seward,Sewell,Seymore,Seymour,Shabazz,Shackelford,Shanks,Shannon,Sharp,Sharpe,Shavers,Shaw,Sheffield,Shelby,Shell,Shelton,Shepard,Shephard,Shepherd,Sheppard,Sherman,Sherrod,Shields,Shine,Shipman,Shipp,Shirley,Shivers,Short,Shorter,Shuler,Sibley,Silas,Silver,Simmons,Simms,Simon,Simons,Simpkins,Simpson,Sims,Sinclair,Singh,Singletary,Singleton,Skinner,Skipper,Slade,Slater,Slaughter,Sledge,Sloan,Small,Smalls,Smallwood,Smart,Smiley,Smith,Smoot,Smothers,Snead,Sneed,Snell,Snipes,Snow,Snowden,Snyder,Solomon,Sowell,Spain,Spann,Sparks,Sparrow,Spearman,Spears,Speed,Speight,Speller,Spence,Spencer,Spicer,Spikes,Spivey,Spriggs,Springer,Spruill,Stafford,Staley,Stallings,Stallworth,Stamps,Stanford,Stanley,Stanton,Staples,Starks,Starling,Starr,Staten,Staton,Steed,Steele,Stephen,Stephens,Stephenson,Sterling,Stevens,Stevenson,Steward,Stewart,Stinson,Stith,Stokes,Stone,Story,Stovall,Strange,Street,Streeter,Strickland,Stringer,Stroman,Strong,Strother,Stroud,Stuart,Stubblefield,Stubbs,Stuckey,Sturdivant,Styles,Suber,Suggs,Sullivan,Summers,Summerville,Sumpter,Sutherland,Sutton,Swain,Swan,Swann,Swanson,Sweeney,Sweet,Swift,Swinton,Sykes,Sylvester,Tabb,Talbert,Talley,Tanner,Tarver,Tate,Tatum,Taylor,Teague,Teasley,Temple,Terrell,Terry,Thames,Thibodeaux,Thigpen,Thomas,Thompkins,Thompson,Thorne,Thornton,Thorpe,Threatt,Thrower,Thurman,Thurmond,Tibbs,Tidwell,Tillery,Tillman,Timmons,Tinsley,Tisdale,Titus,Todd,Tolbert,Toliver,Tolliver,Tomlin,Tomlinson,Tompkins,Toney,Toomer,Torrence,Torres,Toussaint,Townes,Towns,Townsend,Trammell,Travis,Traylor,Trent,Trice,Trimble,Triplett,Tripp,Trotter,Truitt,Tubbs,Tucker,Tunstall,Turner,Tutt,Tyler,Tyson,Tyus,Underwood,Upshaw,Usher,Valentine,Vance,Vann,Varner,Vaughan,Vaughn,Veal,Venable,Vereen,Vernon,Vickers,Victor,Vincent,Vines,Vinson,Waddell,Wade,Wagner,Wakefield,Walden,Walker,Wall,Wallace,Waller,Walls,Walter,Walters,Walton,Ward,Ware,Warfield,Warner,Warren,Wash,Washington,Waters,Watkins,Watson,Watt,Watts,Way,Weathers,Weathersby,Weatherspoon,Weaver,Webb,Webber,Webster,Weeks,Weems,Welch,Weldon,Wellington,Wells,Wesley,West,Westbrook,Weston,Whaley,Wharton,Whatley,Wheeler,Whitaker,White,Whitehead,Whitehurst,Whiteside,Whitfield,Whiting,Whitley,Whitlock,Whitmore,Whitney,Whittaker,Whitted,Whittington,Whyte,Wicks,Wigfall,Wiggins,Wilborn,Wilburn,Wilcox,Wilder,Wiley,Wilkerson,Wilkes,Wilkins,Wilkinson,Wilks,William,Williams,Williamson,Willingham,Willis,Willoughby,Wills,Wilson,Wimberly,Wimbush,Winfield,Winfrey,Wingate,Wingfield,Winn,Winston,Winters,Wise,Witcher,Withers,Witherspoon,Wofford,Wolfe,Womack,Wood,Woodard,Wooden,Woodley,Woodruff,Woods,Woodson,Woody,Woolfolk,Wooten,Word,Worrell,Wortham,Worthy,Wren,Wright,Wyatt,Wyche,Wynn,Yancey,Yancy,Yarborough,Yarbrough,Yates,York,Young,Youngblood,Younger,Zeigler,Zimmerman
HispanicLastNames=Abad,Abarca,Abeyta,Abraham,Abrego,Abreu,Abril,Abundis,Aburto,Acevedo,Aceves,Acosta,Acuna,Adame,Adames,Adams,Adorno,Agosto,Aguado,Aguayo,Agudelo,Aguero,Aguiar,Aguila,Aguilar,Aguilera,Aguillon,Aguinaga,Aguirre,Agustin,Ahumada,Aispuro,Alamillo,Alamo,Alanis,Alaniz,Alarcon,Alas,Alatorre,Alba,Albarado,Albarran,Alberto,Albino,Alcala,Alcantar,Alcantara,Alcaraz,Alcazar,Alcocer,Alcorta,Aldaco,Aldana,Aldape,Alderete,Aldrete,Alegria,Alejandre,Alejandro,Alejo,Alejos,Aleman,Alexander,Alfaro,Alfonso,Algarin,Alicea,Allen,Almaguer,Almanza,Almanzar,Almaraz,Almazan,Almeida,Almendarez,Almodovar,Almonte,Alonso,Alonzo,Altamirano,Alva,Alvarado,Alvardo,Alvarenga,Alvares,Alvarez,Alvear,Alvidrez,Alzate,Amado,Amador,Amaro,Amaya,Ambriz,Amezcua,Amezquita,Anaya,Anchondo,Anderson,Andino,Andrade,Andres,Andrews,Andujar,Angel,Angeles,Anguiano,Angulo,Anthony,Antonio,Antunez,Anzaldua,Aparicio,Apodaca,Aponte,Aquino,Aragon,Araiza,Arambula,Arana,Aranda,Arango,Araujo,Arauz,Araya,Arboleda,Arce,Arceo,Archuleta,Arciniega,Arcos,Ardon,Arechiga,Arellanes,Arellano,Arenas,Arevalo,Arguelles,Arguello,Argueta,Arias,Arispe,Ariza,Arizmendi,Armas,Armendariz,Armenta,Armijo,Armstrong,Arnold,Arocho,Arredondo,Arreguin,Arreola,Arriaga,Arrieta,Arriola,Arroyo,Arteaga,Arvizu,Arzate,Arzola,Ascencio,Asencio,Astorga,Astudillo,Atencio,Atilano,Atkinson,Austin,Avalos,Avelar,Avendano,Avila,Aviles,Avilez,Avina,Avitia,Ayala,Ayon,Baca,Badillo,Baez,Baeza,Bahena,Bailey,Bailon,Baker,Balboa,Balbuena,Balcazar,Balderas,Balderrama,Baldwin,Ball,Ballesteros,Baltazar,Banda,Banegas,Banks,Banos,Banuelos,Barahona,Barajas,Barba,Barber,Barbosa,Barboza,Barcenas,Barcia,Barela,Bargas,Barillas,Barker,Barnes,Barnett,Baron,Barragan,Barranco,Barraza,Barrera,Barreras,Barreto,Barrett,Barrientes,Barrientos,Barriga,Barrios,Barron,Barros,Barroso,Barton,Basquez,Basurto,Bates,Batista,Batres,Bautista,Bazan,Beas,Becerra,Becerril,Beck,Becker,Bedolla,Bedoya,Bejar,Bejarano,Bell,Bello,Beltran,Benavides,Benavidez,Bencomo,Benites,Benitez,Bennett,Benson,Berlanga,Bermea,Bermejo,Bermudez,Bernabe,Bernal,Bernard,Berrios,Berry,Berumen,Betances,Betancourt,Bianco,Bishop,Black,Blake,Blancas,Blanco,Blandon,Blas,Blea,Bobadilla,Bocanegra,Bojorquez,Bolanos,Bolivar,Bonet,Bonilla,Borges,Borja,Borjas,Borrego,Borrero,Borunda,Bosquez,Botello,Bowen,Bowman,Boyd,Bracamonte,Bracamontes,Bracero,Bradley,Brady,Brambila,Braud,Bravo,Brenes,Brewer,Briceno,Briones,Briseno,Brito,Brizuela,Brooks,Brown,Bruno,Bryan,Bryant,Bucio,Buendia,Bueno,Buenrostro,Buentello,Bugarin,Buitrago,Buitron,Burciaga,Burgos,Burke,Burns,Burton,Bush,Bustamante,Bustillo,Bustillos,Bustos,Butler,Byrd,Caba,Caballero,Caban,Cabanas,Cabello,Cabezas,Cabral,Cabrales,Cabrera,Caceres,Cadena,Cadenas,Caicedo,Caldera,Calderon,Caldwell,Calero,Calixto,Calle,Callejas,Calles,Calvillo,Calvo,Calzada,Camacho,Camarena,Camargo,Camarillo,Camilo,Campa,Campbell,Campo,Campos,Campuzano,Canales,Canas,Cancel,Canchola,Cancino,Candelaria,Candelario,Canela,Canez,Canizales,Cano,Cantu,Capetillo,Caraballo,Caraveo,Carbajal,Carballo,Carbonell,Carcamo,Card,Cardenas,Cardiel,Cardona,Cardoso,Cardoza,Cardozo,Carias,Carillo,Carino,Carlos,Carlson,Carmona,Caro,Carpenter,Carpio,Carr,Carranza,Carrasco,Carrasquillo,Carreno,Carreon,Carrera,Carreras,Carrero,Carrillo,Carrion,Carrizales,Carroll,Cartagena,Carter,Carvajal,Casado,Casanova,Casares,Casarez,Casas,Casiano,Casias,Casillas,Castaneda,Castano,Castanon,Castelan,Castellano,Castellanos,Castellon,Castilla,Castilleja,Castillo,Castorena,Castrejon,Castro,Castruita,Catalan,Catano,Caudillo,Cavazos,Cazares,Cazarez,Ceballos,Cedeno,Cedillo,Ceja,Celaya,Celis,Cendejas,Ceniceros,Centeno,Cepeda,Cerda,Cerna,Ceron,Cervantes,Cervantez,Cervera,Cespedes,Cevallos,Chacon,Chaidez,Chairez,Chambers,Chamorro,Chan,Chang,Chapa,Chaparro,Chapman,Charles,Chavarin,Chavarria,Chaves,Chavez,Chavira,Chicas,Chico,Chinchilla,Christian,Cid,Cifuentes,Cintron,Cisneros,Clark,Clarke,Claros,Claudio,Clemente,Cobian,Cobos,Coello,Cohen,Cole,Coleman,Colin,Colindres,Collado,Collazo,Collins,Colmenares,Colmenero,Colon,Colorado,Colunga,Compean,Concepcion,Concha,Conde,Contreras,Cook,Cooper,Corchado,Cordero,Cordoba,Cordova,Corea,Coreas,Coria,Cornejo,Cornelio,Corona,Coronado,Coronel,Corpus,Corral,Corrales,Correa,Cortes,Cortez,Cortina,Cortinas,Cosio,Cosme,Costa,Costello,Costilla,Cota,Coto,Cotto,Covarrubias,Cox,Craig,Crawford,Crespin,Crespo,Cross,Cruz,Cuadra,Cuellar,Cuenca,Cuesta,Cueto,Cueva,Cuevas,Cunningham,Curiel,Curtis,Damian,Daniel,Daniels,Dasilva,Davalos,David,Davidson,Davila,Davis,Dawson,Day,Dealba,Dean,Deanda,Dearmas,Dedios,Deharo,Deherrera,Dehoyos,Dejesus,Delacerda,Delacruz,Delafuente,Delagarza,Delamora,Delangel,Delao,Delapaz,Delapena,Delariva,Delarosa,Delatorre,Delavega,Delbosque,Delcastillo,Delcid,Deleon,Delgadillo,Delgado,Deloera,Delosreyes,Delossantos,Delreal,Delrio,Delrosario,Deltoro,Deluna,Delvalle,Dennis,Depaz,Deras,Desantiago,Dial,Dias,Diaz,Diazdeleon,Diego,Diez,Dimas,Disla,Dixon,Domingo,Domingues,Dominguez,Dominquez,Dones,Donis,Dorado,Dorantes,Douglas,Duarte,Dubon,Duenas,Duncan,Dunn,Duque,Duran,Durazo,Duron,Echavarria,Echevarria,Echeverria,Edwards,Elias,Elizalde,Elizondo,Elliott,Ellis,Encarnacion,Encinas,Enciso,Enriquez,Erazo,Escalante,Escalera,Escalona,Escamilla,Escandon,Escarcega,Escareno,Escobar,Escobedo,Escoto,Escudero,Escutia,Espada,Espana,Esparza,Espinal,Espindola,Espino,Espinosa,Espinoza,Espitia,Esqueda,Esquer,Esquibel,Esquivel,Esteban,Esteves,Estevez,Estrada,Estrella,Evangelista,Evans,Fabela,Fabian,Fajardo,Falcon,Farfan,Farias,Favela,Faz,Federico,Felan,Feliciano,Felipe,Felix,Feliz,Ferguson,Fermin,Fernandes,Fernandez,Ferreira,Ferrer,Fields,Fierro,Fierros,Figueredo,Figueroa,Fimbres,Fisher,Fleming,Fletcher,Flores,Florez,Fonseca,Fontanez,Ford,Foster,Fowler,Fox,Fraga,Fragoso,Fraire,Francis,Francisco,Franco,Franklin,Frausto,Freeman,Fregoso,Freire,Fresquez,Frias,Fuentes,Fuentez,Fuerte,Fuller,Funes,Gabaldon,Gabriel,Gaeta,Gaitan,Galan,Galarza,Galaviz,Galdamez,Galeana,Galeano,Galicia,Galindo,Gallardo,Gallego,Gallegos,Gallo,Galvan,Galvez,Gama,Gamboa,Gamez,Gamino,Gandara,Gaona,Garay,Garces,Garcia,Gardea,Gardner,Garduno,Garibay,Garica,Garnica,Garrett,Garrido,Garza,Garzon,Gasca,Gaspar,Gastelum,Gatica,Gauna,Gaxiola,Gaytan,Genao,George,Gerardo,Gerena,German,Gibson,Gil,Gilbert,Giles,Gill,Gimenez,Giraldo,Giron,Gloria,Godina,Godines,Godinez,Godoy,Gomes,Gomez,Gongora,Gonsales,Gonsalez,Gonzales,Gonzalez,Gordillo,Gordon,Goto,Govea,Gracia,Graciano,Grado,Graham,Grajales,Grajeda,Granado,Granados,Granda,Grande,Granillo,Grant,Graves,Gray,Green,Greene,Gregory,Griego,Griffin,Griffith,Grijalva,Grimaldo,Gross,Grullon,Guadalupe,Guadarrama,Guajardo,Guaman,Guardado,Guardiola,Gudino,Guel,Guerra,Guerrero,Guevara,Guido,Guillen,Guillermo,Guizar,Gurrola,Gurule,Gusman,Gutierres,Gutierrez,Guzman,Hale,Hall,Hamilton,Hansen,Hanson,Hard,Haro,Harper,Harris,Harrison,Hart,Harvey,Hawkins,Hayes,Haynes,Henao,Henderson,Henriquez,Henry,Heredia,Hermosillo,Hernandes,Hernandez,Herrera,Hicks,Hidalgo,Higareda,Higuera,Hilario,Hill,Hinojos,Hinojosa,Hodges,Hoffman,Holguin,Holland,Holmes,Hopkins,Horta,Horton,Howard,Howell,Hoyos,Hudson,Huerta,Huertas,Huezo,Hughes,Huizar,Hunt,Hunter,Hurtado,Ibanez,Ibarra,Iglesias,Infante,Iniguez,Iraheta,Irizarry,Islas,Izaguirre,Izquierdo,Jacinto,Jackson,Jacobo,Jacobs,Jacome,Jacquez,Jaime,Jaimes,James,Jaquez,Jara,Jaramillo,Jarquin,Jasso,Jauregui,Javier,Jenkins,Jennings,Jensen,Jerez,Jimenes,Jimenez,Jiminez,Jiron,Johnson,Johnston,Jones,Jordan,Jorge,Jose,Joseph,Jovel,Joya,Juan,Juarez,Jurado,Jusino,Justiniano,Keller,Kelley,Kelly,Kennedy,King,Knight,Laboy,Lacayo,Lagos,Laguna,Lagunas,Lainez,Lamas,Lambert,Landa,Landaverde,Landeros,Landin,Lane,Lantigua,Lara,Lares,Larios,Larson,Latorre,Laureano,Lawrence,Lawson,Lazaro,Lazcano,Lazo,Leal,Leanos,Lebron,Lechuga,Ledesma,Ledezma,Lee,Leija,Leiva,Lema,Lemos,Lemus,Leon,Leonard,Leonardo,Leos,Lepe,Lerma,Levario,Levy,Lewis,Leyba,Leyva,Lezama,Licea,Licon,Lima,Limas,Limon,Linares,Lira,Liriano,Little,Lizama,Lizarraga,Llamas,Llanes,Llanos,Llerena,Loaiza,Lobato,Lobo,Loera,Logan,Lomas,Lomeli,Londono,Long,Longoria,Lopes,Lopez,Lora,Loredo,Lorenzana,Lorenzo,Losoya,Lovato,Love,Lowe,Loya,Loyola,Loza,Lozada,Lozano,Lozoya,Lua,Lucas,Lucatero,Lucero,Luciano,Lucio,Luera,Luevano,Lugo,Luis,Lujan,Lujano,Luna,Lung,Lupercio,Luque,Lynch,Lyons,Macedo,Machado,Machuca,Macias,Maciel,Madera,Madero,Madrid,Madrigal,Maes,Maestas,Maez,Magallanes,Magallon,Magana,Magdaleno,Maisonet,Majano,Malagon,Malave,Maldonado,Mancera,Mancha,Mancia,Mancilla,Mancillas,Mandujano,Mangual,Manjarrez,Mann,Manrique,Manriquez,Mantilla,Manuel,Manzanares,Manzano,Manzo,Maravilla,Marcano,Marcial,Marcos,Mares,Marez,Maria,Marin,Marinez,Marino,Mariscal,Marmol,Marmolejo,Marques,Marquez,Marrero,Marron,Marroquin,Marrufo,Marshall,Marte,Martell,Marti,Martin,Martines,Martinez,Mascarenas,Mascorro,Mason,Mata,Matamoros,Mateo,Matias,Matos,Matta,Matthews,Matus,Matute,Mauricio,May,Maya,Mayo,Mayorga,Mazariegos,Mccoy,Mcdaniel,Mcdonald,Medel,Medellin,Mederos,Medina,Medrano,Mejia,Mejias,Melara,Melchor,Melendez,Melendrez,Melgar,Melgoza,Melo,Membreno,Mena,Menchaca,Mendes,Mendez,Mendieta,Mendiola,Mendivil,Mendosa,Mendoza,Menendez,Meneses,Menjivar,Mera,Meraz,Mercado,Merced,Mercedes,Merida,Merino,Mesa,Mestas,Meyer,Meza,Michel,Mier,Miguel,Mijares,Milan,Miles,Milian,Millan,Miller,Mills,Minaya,Minjarez,Mirabal,Miramontes,Miranda,Mireles,Mitchell,Moctezuma,Mojica,Molina,Molinar,Monarrez,Moncada,Moncayo,Mondragon,Monge,Monreal,Monroe,Monroy,Monsivais,Montalvo,Montanez,Montano,Montejano,Montelongo,Montemayor,Montenegro,Montero,Monterrosa,Monterroso,Montes,Montesdeoca,Montesinos,Montez,Montgomery,Montiel,Montijo,Montoya,Monzon,Moore,Mora,Morado,Moraga,Morales,Moralez,Moran,Moreira,Morejon,Morel,Morelos,Moreno,Morfin,Morgan,Morillo,Morin,Morones,Morris,Morrison,Moscoso,Mosqueda,Mosquera,Mota,Moya,Mujica,Muller,Mungia,Munguia,Muniz,Munos,Munoz,Murcia,Murguia,Murillo,Muro,Murphy,Murray,Murrieta,Myers,Najar,Najera,Nanez,Napoles,Naranjo,Narvaez,Natal,Natividad,Nava,Navarrete,Navarrette,Navarro,Navas,Nazario,Negrete,Negron,Neira,Nelson,Neri,Nevarez,Newman,Nguyen,Nichols,Nicolas,Nieto,Nieves,Nino,Noguera,Nolasco,Noriega,Nova,Novoa,Noyola,Nunes,Nunez,Nuno,Obando,Obregon,Obrien,Ocampo,Ocana,Ocasio,Oceguera,Ochoa,Ocon,Ojeda,Olague,Olea,Olguin,Oliva,Olivares,Olivarez,Olivas,Oliver,Olivera,Oliveras,Oliveros,Olivo,Olmeda,Olmedo,Olmos,Olson,Olvera,Oneill,Onofre,Ontiveros,Oquendo,Orantes,Ordaz,Ordonez,Orduna,Orduno,Orellana,Ornelas,Orona,Oropeza,Orosco,Orozco,Orta,Ortega,Ortegon,Ortez,Ortis,Ortiz,Oseguera,Osorio,Osornio,Ospina,Osuna,Otero,Ovalle,Oviedo,Owens,Oyola,Ozuna,Pablo,Pabon,Pacheco,Padilla,Padron,Paez,Pagan,Page,Paiz,Palacio,Palacios,Palafox,Palencia,Palma,Palmer,Palomares,Palomino,Palomo,Palos,Pando,Paniagua,Pantaleon,Pantoja,Parada,Paramo,Pardo,Paredes,Parga,Parker,Parra,Parrilla,Partida,Pascual,Pasillas,Pastor,Pastrana,Patino,Patlan,Patterson,Paul,Paulino,Pavon,Payan,Payne,Paz,Pearson,Pecina,Pedraza,Pedro,Pedroza,Peguero,Pelaez,Pelayo,Pena,Penaloza,Penate,Pera,Perales,Peralez,Peralta,Peraza,Perdomo,Perea,Pereda,Pereira,Peres,Pereyra,Perez,Perkins,Perry,Person,Pesina,Peters,Peterson,Phillips,Picazo,Pichardo,Piedra,Pierce,Pimentel,Pina,Pinales,Pineda,Pinedo,Pineiro,Pinero,Pino,Pinon,Pinto,Pintor,Pinzon,Pizana,Pizano,Pizarro,Placencia,Plascencia,Plasencia,Plata,Plaza,Polanco,Polo,Pompa,Ponce,Porras,Porter,Portillo,Posada,Posadas,Potter,Powell,Powers,Pozo,Prado,Preciado,Price,Prieto,Provencio,Pruneda,Puebla,Puente,Puentes,Puga,Puig,Pulido,Quesada,Quevedo,Quezada,Quijada,Quijano,Quiles,Quinn,Quinones,Quinonez,Quintana,Quintanar,Quintanilla,Quintero,Quinteros,Quiroga,Quiros,Quiroz,Rabago,Rael,Rafael,Ramires,Ramirez,Ramon,Ramos,Ramsey,Rangel,Rascon,Ray,Raya,Raygoza,Raymundo,Rayo,Razo,Rea,Real,Rebollar,Rebolledo,Recinos,Recio,Redondo,Reed,Reeves,Regalado,Reid,Reina,Reinoso,Rendon,Rentas,Renteria,Resendez,Resendiz,Resto,Restrepo,Retana,Reveles,Revilla,Rey,Reyes,Reyna,Reynaga,Reynolds,Reynosa,Reynoso,Reza,Rhodes,Ricardo,Rice,Richards,Richardson,Rico,Riley,Rincon,Riojas,Rios,Rivas,Rivera,Rivero,Rizo,Roa,Roberts,Robertson,Robinson,Robledo,Robles,Roca,Rocha,Roche,Rodarte,Rodas,Rodela,Rodgers,Rodriges,Rodrigues,Rodriguez,Rodriquez,Rogel,Rogers,Rojas,Rojo,Roldan,Rolon,Roman,Romano,Romero,Romo,Rondon,Ronquillo,Roque,Rosa,Rosado,Rosales,Rosalez,Rosario,Rosas,Rose,Ross,Roybal,Ruano,Rubalcaba,Rubalcava,Rubio,Rueda,Ruelas,Ruiz,Russell,Russo,Ruvalcaba,Ryan,Saavedra,Sabala,Saenz,Saez,Sagastume,Sahagun,Sainz,Saiz,Salamanca,Salas,Salazar,Salcedo,Salcido,Saldana,Saldivar,Salgado,Salguero,Salinas,Salmeron,Salomon,Salvador,Salvatierra,Samaniego,Samano,Samayoa,Sambrano,Samora,Sanabria,Sanches,Sanchez,Sanders,Sandoval,Sanjuan,Sanmartin,Sanmiguel,Santacruz,Santamaria,Santana,Santiago,Santibanez,Santillan,Santistevan,Santizo,Santos,Santoyo,Sapien,Sarabia,Saravia,Sarmiento,Sauceda,Saucedo,Savala,Schmidt,Schneider,Schultz,Scott,Sebastian,Seda,Sedano,Sedillo,Segarra,Segovia,Segundo,Segura,Sena,Sepeda,Sepulveda,Sequeira,Serna,Serra,Serrano,Serrato,Servantes,Servin,Sevilla,Sharp,Shaw,Shelton,Sierra,Sifuentes,Sigala,Silva,Silvas,Silverio,Silvestre,Simental,Simmons,Simon,Simpson,Sims,Singh,Sisneros,Smith,Snyder,Solano,Solares,Soler,Solis,Soliz,Solorio,Solorzano,Soltero,Soria,Soriano,Sorto,Sosa,Sotelo,Soto,Sotomayor,Souza,Soza,Spencer,Stanley,Steele,Stephens,Stevens,Stevenson,Stewart,Stone,Suarez,Suazo,Sullivan,Suniga,Sustaita,Sutton,Tabares,Tafolla,Tafoya,Talamantes,Talamantez,Talavera,Tamayo,Tamez,Tapia,Tarango,Tarin,Tavares,Tavarez,Tavera,Taveras,Taylor,Tejada,Tejeda,Telles,Tellez,Tello,Tena,Tenorio,Teran,Tercero,Terrazas,Terrones,Terry,Thomas,Thompson,Tijerina,Tinajero,Tineo,Tinoco,Tirado,Tiscareno,Tobar,Tobias,Tobon,Toledo,Tolentino,Tomas,Topete,Toribio,Toro,Torres,Torrez,Toscano,Tostado,Tovar,Trejo,Trevino,Trevizo,Triana,Trinidad,Tristan,Troche,Troncoso,Trujillo,Tucker,Turcios,Turner,Ugalde,Ugarte,Ulibarri,Ulloa,Umana,Umanzor,Urbano,Urbina,Urena,Uresti,Uriarte,Urias,Uribe,Uriostegui,Urquiza,Urrea,Urrutia,Urzua,Vaca,Valadez,Valderrama,Valdes,Valdez,Valdivia,Valdovinos,Valencia,Valentin,Valentine,Valenzuela,Valera,Valerio,Valero,Valiente,Valladares,Valle,Vallejo,Vallejos,Valles,Valtierra,Valverde,Vanegas,Vaquera,Vara,Varela,Vargas,Vasques,Vasquez,Vaughn,Vazquez,Vega,Vela,Velarde,Velasco,Velasquez,Velazco,Velazquez,Velez,Veliz,Veloz,Vences,Venegas,Ventura,Vera,Veras,Verdin,Verdugo,Verduzco,Vergara,Vicente,Victoria,Vidal,Vidales,Vidaurri,Vides,Vidrio,Viera,Vieyra,Vigil,Vila,Villa,Villafana,Villafane,Villafuerte,Villagomez,Villagran,Villagrana,Villalba,Villalobos,Villalon,Villalpando,Villalta,Villanueva,Villar,Villareal,Villarreal,Villarruel,Villasana,Villasenor,Villatoro,Villavicencio,Villeda,Villegas,Villela,Villicana,Viramontes,Virgen,Vital,Vivanco,Vivar,Vivas,Viveros,Vizcaino,Vizcarra,Wade,Wagner,Walker,Wallace,Walsh,Walters,Ward,Warner,Warren,Washington,Watkins,Watson,Watts,Weaver,Webb,Weber,Welch,Wells,West,Wheeler,White,Williams,Williamson,Willis,Wilson,Wong,Wood,Woods,Wright,Yanes,Yanez,Ybarra,Yepez,Young,Yzaguirre,Zabala,Zacarias,Zaldivar,Zamarripa,Zamarron,Zambrana,Zambrano,Zamora,Zamorano,Zamudio,Zapata,Zapien,Zaragoza,Zarate,Zarco,Zavala,Zavaleta,Zayas,Zazueta,Zelaya,Zeledon,Zendejas,Zepeda,Zermeno,Zertuche,Zorrilla,Zubia,Zuniga,Zurita
WhiteLastNames=Abbott,Abel,Abernathy,Abraham,Abrams,Ackerman,Adair,Adams,Adamson,Adcock,Adkins,Adler,Akers,Albert,Albrecht,Albright,Aldrich,Aldridge,Alexander,Alford,Allen,Alley,Allison,Allred,Altman,Amato,Ambrose,Ames,Amos,Anders,Andersen,Anderson,Andrews,Anthony,Archer,Armstrong,Arndt,Arnett,Arnold,Arthur,Ash,Ashby,Asher,Ashley,Atkins,Atkinson,Atwood,Austin,Avery,Ayers,Babcock,Bachman,Bacon,Baer,Bagley,Bailey,Bain,Baird,Baker,Baldwin,Bales,Ball,Ballard,Banks,Barber,Barger,Barker,Barlow,Barnard,Barnes,Barnett,Barney,Barnhart,Baron,Barone,Barr,Barrett,Barron,Barry,Barth,Bartholomew,Bartlett,Bartley,Barton,Bass,Bassett,Bateman,Bates,Bauer,Baughman,Baum,Bauman,Baumann,Baxter,Beach,Beal,Beam,Bean,Beard,Bearden,Beasley,Beatty,Beaver,Beavers,Beck,Becker,Beckman,Beebe,Belanger,Belcher,Bell,Bender,Benedict,Benjamin,Bennett,Benoit,Benson,Bentley,Benton,Berg,Berger,Bergeron,Bergman,Berman,Bernard,Bernstein,Berry,Best,Betts,Beyer,Biggs,Billings,Bingham,Bird,Bishop,Black,Blackburn,Blackwell,Blair,Blake,Blanchard,Bland,Blank,Blankenship,Blanton,Bledsoe,Blevins,Bliss,Block,Bloom,Blum,Bock,Boggs,Boles,Bolin,Bollinger,Bolton,Bond,Bonner,Boone,Booth,Borden,Boswell,Bouchard,Boucher,Boudreaux,Bowden,Bowen,Bower,Bowers,Bowles,Bowling,Bowman,Boyce,Boyd,Boyer,Boyle,Bradford,Bradley,Bradshaw,Brady,Bragg,Branch,Brand,Brandon,Brandt,Branham,Brannon,Brantley,Braun,Bray,Breen,Brennan,Brenner,Brewer,Brewster,Bridges,Briggs,Bright,Britt,Britton,Brock,Brooks,Broussard,Brower,Brown,Browne,Browning,Bruce,Bruner,Brunner,Bruno,Bryan,Bryant,Bryson,Buchanan,Buck,Buckley,Buckner,Bullard,Bullock,Bunch,Burch,Burdick,Burger,Burgess,Burk,Burke,Burkett,Burkhart,Burks,Burnett,Burnette,Burnham,Burns,Burr,Burris,Burroughs,Burrows,Burt,Burton,Busby,Busch,Bush,Butcher,Butler,Butts,Byers,Byrd,Byrne,Cagle,Cahill,Cain,Caldwell,Calhoun,Call,Callahan,Calvert,Cameron,Camp,Campbell,Cannon,Cantrell,Capps,Carey,Carlisle,Carlson,Carlton,Carmichael,Carnes,Carney,Caron,Carpenter,Carr,Carrier,Carroll,Carson,Carter,Cartwright,Caruso,Carver,Case,Casey,Cash,Casper,Cassidy,Castle,Castro,Cates,Caudill,Cavanaugh,Chadwick,Chamberlain,Chambers,Champion,Chandler,Chaney,Chapman,Chappell,Charles,Chase,Chastain,Cheek,Cheney,Cherry,Childers,Childress,Childs,Christensen,Christian,Christiansen,Christie,Christopher,Christy,Church,Clark,Clarke,Clay,Clayton,Cleary,Clemens,Clement,Clements,Clemons,Cleveland,Clevenger,Clifford,Clifton,Cline,Coates,Cobb,Coburn,Cochran,Cody,Coe,Coffey,Coffman,Cohen,Coker,Cole,Coleman,Collier,Collins,Colvin,Combs,Comer,Compton,Condon,Conklin,Conley,Conn,Connell,Connelly,Conner,Connolly,Connor,Connors,Conrad,Conroy,Conway,Cook,Cooke,Cooley,Coon,Cooper,Cope,Copeland,Corbett,Corbin,Corcoran,Corey,Corley,Cormier,Cornelius,Cornell,Cornett,Costa,Costello,Cote,Cotton,Cottrell,Couch,Coughlin,Coulter,Courtney,Covington,Cowan,Cox,Coy,Coyle,Crabtree,Craft,Craig,Crain,Cramer,Crandall,Crane,Craven,Crawford,Creech,Crews,Crocker,Crockett,Cronin,Crook,Crosby,Cross,Crouch,Crouse,Crow,Crowder,Crowe,Crowell,Crowley,Crum,Crump,Cruz,Cullen,Culver,Cummings,Cummins,Cunningham,Curran,Currie,Curry,Curtis,Cutler,Dahl,Daigle,Dailey,Dale,Daley,Dalton,Daly,Damico,Daniel,Daniels,Danielson,Darby,Darling,Darnell,Daugherty,Davenport,David,Davidson,Davies,Davis,Davison,Dawson,Day,Deal,Dean,Deaton,Decker,Delaney,Delong,Deluca,Demarco,Dempsey,Denney,Dennis,Dennison,Denny,Denton,Devine,Devlin,Devries,Dewitt,Diamond,Diaz,Dick,Dickens,Dickerson,Dickey,Dickinson,Dickson,Diehl,Dietrich,Dietz,Dill,Dillard,Dillon,Dixon,Dobbs,Dobson,Dodd,Dodge,Dodson,Doherty,Dolan,Donahue,Donaldson,Donnelly,Donohue,Donovan,Dooley,Doran,Dorsey,Doss,Dotson,Doty,Dougherty,Douglas,Douglass,Dow,Dowd,Dowell,Dowling,Downey,Downing,Downs,Doyle,Drake,Draper,Drew,Driscoll,Drummond,Dubois,Dudley,Duff,Duffy,Dugan,Duke,Dunbar,Duncan,Dunham,Dunlap,Dunn,Durbin,Durham,Dutton,Duvall,Dwyer,Dye,Dyer,Eastman,Eaton,Ebert,Eckert,Eddy,Edmonds,Edwards,Egan,Elder,Eldridge,Elkins,Eller,Elliott,Ellis,Ellison,Ellsworth,Elmore,Ely,Emerson,Emery,Emmons,Engel,England,Engle,English,Ennis,Epstein,Erickson,Ernst,Ervin,Erwin,Esposito,Estep,Estes,Eubanks,Evans,Everett,Ewing,Fagan,Fair,Fairchild,Farley,Farmer,Farr,Farrar,Farrell,Farris,Faulkner,Faust,Fay,Feldman,Fenton,Ferguson,Fernandez,Ferrara,Ferreira,Ferrell,Ferris,Field,Fields,Finch,Fink,Finley,Finn,Finney,Fischer,Fish,Fisher,Fitch,Fitzgerald,Fitzpatrick,Flaherty,Flanagan,Fleming,Fletcher,Flint,Flood,Flores,Flowers,Floyd,Flynn,Foley,Fontenot,Foote,Forbes,Ford,Foreman,Forrest,Foss,Foster,Fountain,Fournier,Fowler,Fox,Francis,Frank,Franklin,Franks,Frantz,Fraser,Frazier,Frederick,Freeman,French,Frey,Friedman,Friend,Fritz,Frost,Fry,Frye,Fuchs,Fuller,Fulton,Funk,Gabriel,Gage,Gagnon,Gaines,Gale,Gallagher,Gallo,Galloway,Gamble,Gann,Gannon,Garber,Garcia,Gardner,Garland,Garner,Garrett,Garrison,Gates,Gauthier,Gay,Gee,Geiger,Gentile,Gentry,George,Gerber,Gibbons,Gibbs,Gibson,Gifford,Gilbert,Giles,Gill,Gillespie,Gilliam,Gilliland,Gillis,Gilmore,Giordano,Girard,Givens,Glass,Gleason,Glenn,Glover,Goddard,Godfrey,Godwin,Goetz,Goff,Goins,Gold,Goldberg,Golden,Goldman,Goldsmith,Goldstein,Gomez,Gonzales,Gonzalez,Good,Goode,Goodman,Goodrich,Goodwin,Gordon,Gore,Gorman,Goss,Gould,Grace,Grady,Graf,Graff,Graham,Granger,Grant,Graves,Gray,Greco,Green,Greenberg,Greene,Greenwood,Greer,Gregg,Gregory,Griffin,Griffith,Griffiths,Griggs,Grimes,Grimm,Gross,Grossman,Grove,Grover,Groves,Grubb,Grubbs,Gruber,Guidry,Gunderson,Gunn,Gunter,Gustafson,Guthrie,Guy,Haas,Hacker,Hackett,Hadley,Hagan,Hagen,Hager,Hahn,Haines,Hale,Haley,Hall,Hamby,Hamilton,Hamlin,Hamm,Hammer,Hammond,Hampton,Hancock,Hand,Haney,Hankins,Hanks,Hanley,Hanna,Hannah,Hansen,Hanson,Harden,Hardin,Harding,Hardy,Hare,Harman,Harmon,Harms,Harper,Harrell,Harrington,Harris,Harrison,Hart,Hartley,Hartman,Harvey,Haskins,Hastings,Hatch,Hatcher,Hatfield,Hathaway,Hauser,Hawk,Hawkins,Hawley,Hay,Hayden,Hayes,Haynes,Hays,Head,Healy,Heath,Heaton,Hebert,Heck,Hedrick,Hein,Heller,Helm,Helms,Helton,Henderson,Hendricks,Hendrickson,Hendrix,Henley,Henning,Henry,Hensley,Henson,Herbert,Herman,Hernandez,Herndon,Herring,Herrington,Herrmann,Herron,Hess,Hester,Hewitt,Hickey,Hickman,Hicks,Higginbotham,Higgins,Hill,Hilliard,Hillman,Hilton,Hines,Hinkle,Hinson,Hinton,Hirsch,Hitchcock,Hobbs,Hobson,Hodge,Hodges,Hoff,Hoffman,Hoffmann,Hogan,Hogue,Holbrook,Holcomb,Holden,Holder,Holland,Holley,Holliday,Hollingsworth,Hollis,Holloway,Holm,Holman,Holmes,Holt,Honeycutt,Hood,Hook,Hooker,Hooper,Hoover,Hope,Hopkins,Hopper,Horn,Horne,Horner,Horton,Horvath,Hoskins,Houck,Hough,House,Houser,Houston,Howard,Howe,Howell,Hoyt,Hubbard,Huber,Huddleston,Hudson,Huff,Huffman,Huggins,Hughes,Hull,Hummel,Humphrey,Humphreys,Humphries,Hunt,Hunter,Hurd,Hurley,Hurst,Hurt,Huston,Hutchins,Hutchinson,Hutchison,Hutson,Hutton,Hyatt,Hyde,Ingram,Inman,Ireland,Irvin,Irwin,Isaacs,Iverson,Ivey,Jackson,Jacob,Jacobs,Jacobsen,Jacobson,Jaeger,James,Jamison,Jansen,Jarrell,Jarrett,Jarvis,Jeffers,Jeffries,Jenkins,Jennings,Jensen,Jernigan,Jewell,John,Johns,Johnson,Johnston,Jolly,Jones,Jordan,Jorgensen,Joseph,Joyce,Joyner,Judd,Justice,Kahn,Kaiser,Kaminski,Kane,Kaplan,Katz,Kauffman,Kaufman,Kay,Kearney,Kearns,Keating,Keen,Keenan,Keene,Keener,Keith,Keller,Kelley,Kellogg,Kelly,Kelsey,Kemp,Kendall,Kendrick,Kennedy,Kenney,Kenny,Kent,Kenyon,Kern,Kerns,Kerr,Kessler,Key,Kidd,Kilgore,Kimball,Kincaid,King,Kinney,Kinsey,Kirby,Kirk,Kirkland,Kirkpatrick,Kiser,Kitchen,Klein,Kline,Knapp,Knight,Knott,Knowles,Knox,Knutson,Koch,Koehler,Koenig,Kohler,Kowalski,Kraft,Kramer,Kraus,Krause,Krueger,Kruger,Kruse,Kuhn,Kurtz,Kyle,Lacey,Lackey,Lacy,Ladd,Laird,Lake,Lamb,Lambert,Lancaster,Land,Landers,Landis,Landry,Lane,Lang,Lange,Langford,Langley,Langston,Lanier,Larkin,Larsen,Larson,Latham,Laughlin,Law,Lawler,Lawrence,Lawson,Lay,Layton,Leach,Leary,Leavitt,Leblanc,Ledbetter,Ledford,Lee,Lehman,Lentz,Leonard,Leone,Leslie,Lester,Levin,Levine,Levy,Lewis,Light,Lilly,Lincoln,Lind,Lindsay,Lindsey,Link,Little,Livingston,Lloyd,Locke,Lockhart,Lockwood,Logan,Lombardi,Lombardo,Long,Loomis,Lopez,Lord,Lorenz,Lott,Love,Lovell,Lovett,Lowe,Lowery,Lowry,Lucas,Ludwig,Luke,Lund,Lunsford,Luther,Lutz,Lynch,Lynn,Lyon,Lyons,Macdonald,Mack,Mackenzie,Mackey,Madden,Maddox,Madison,Madsen,Magee,Maguire,Mahan,Maher,Mahoney,Maier,Main,Major,Malloy,Malone,Maloney,Manley,Mann,Manning,Mansfield,Marcum,Marcus,Marino,Marks,Marlow,Marsh,Marshall,Martin,Martinez,Martino,Mason,Massey,Mast,Masters,Mathews,Mathis,Matthews,Mattingly,Mattson,Maurer,Maxwell,May,Mayer,Mayes,Mayfield,Maynard,Mayo,Mays,Mcallister,Mcbride,Mccabe,Mccain,Mccall,Mccann,Mccarthy,Mccartney,Mccarty,Mccauley,Mcclain,Mcclellan,Mcclelland,Mcclure,Mccollum,Mcconnell,Mccord,Mccormack,Mccormick,Mccoy,Mccracken,Mccullough,Mcdaniel,Mcdermott,Mcdonald,Mcdonnell,Mcdonough,Mcdowell,Mcelroy,Mcfadden,Mcfarland,Mcgee,Mcgill,Mcginnis,Mcgovern,Mcgowan,Mcgrath,Mcgraw,Mcgregor,Mcguire,Mchugh,Mcintosh,Mcintyre,Mckay,Mckee,Mckenna,Mckenzie,Mckinley,Mckinney,Mcknight,Mclain,Mclaughlin,Mclean,Mcleod,Mcmahan,Mcmahon,Mcmanus,Mcmillan,Mcmullen,Mcnally,Mcnamara,Mcneil,Mcneill,Mcnulty,Mcpherson,Mcwilliams,Mead,Meade,Meadows,Medeiros,Meehan,Meek,Meeks,Meier,Melton,Melvin,Mercer,Meredith,Merrill,Merritt,Messer,Messina,Metcalf,Metz,Metzger,Meyer,Meyers,Michael,Michaels,Michaud,Michel,Middleton,Miles,Miller,Milligan,Mills,Miner,Minor,Minton,Mitchell,Mobley,Mock,Moeller,Mohr,Monahan,Monroe,Montgomery,Moody,Moon,Mooney,Moore,Morales,Moran,Moreland,Morgan,Morin,Morris,Morrison,Morrissey,Morrow,Morse,Morton,Moseley,Moser,Moses,Mosher,Mosley,Moss,Mott,Moyer,Mueller,Mullen,Muller,Mulligan,Mullins,Munson,Murdock,Murphy,Murray,Myers,Nagel,Nagy,Nance,Napier,Nash,Naylor,Neal,Neely,Neff,Nelson,Neumann,Newberry,Newcomb,Newell,Newman,Newsome,Newton,Nicholas,Nichols,Nicholson,Nickerson,Nielsen,Nix,Nixon,Noble,Noel,Nolan,Noonan,Norman,Norris,North,Norton,Norwood,Novak,Nowak,Nugent,Oakes,Oakley,Obrien,Oconnell,Oconnor,Odell,Odom,Odonnell,Ogden,Ogle,Ohara,Okeefe,Oleary,Oliver,Olsen,Olson,Omalley,Oneal,Oneil,Oneill,Orourke,Orr,Ortiz,Osborn,Osborne,Oswald,Ott,Otto,Ouellette,Overton,Owen,Owens,Pace,Pack,Padgett,Page,Painter,Palmer,Pappas,Paris,Parish,Park,Parker,Parks,Parr,Parrish,Parsons,Pate,Patrick,Patterson,Patton,Paul,Paulson,Payne,Payton,Peacock,Pearce,Pearson,Pease,Peck,Pedersen,Pederson,Pelletier,Pendleton,Pennington,Perdue,Pereira,Perez,Perkins,Perry,Peters,Petersen,Peterson,Pettit,Petty,Pfeiffer,Phelps,Phillips,Phipps,Pickering,Pickett,Pierce,Pierson,Pike,Piper,Pittman,Pitts,Platt,Plummer,Poe,Polk,Pollard,Pollock,Poole,Pope,Porter,Posey,Post,Potter,Potts,Powell,Power,Powers,Prater,Prather,Pratt,Prescott,Presley,Preston,Price,Priest,Prince,Pritchard,Pritchett,Proctor,Pruett,Pruitt,Pryor,Puckett,Pugh,Purcell,Purdy,Purvis,Putnam,Pyle,Queen,Quick,Quigley,Quinn,Rader,Raines,Rainey,Ramey,Ramirez,Ramos,Ramsey,Randall,Randolph,Rankin,Rapp,Rasmussen,Ratliff,Ray,Raymond,Read,Reagan,Reardon,Rector,Redmond,Reece,Reed,Reeder,Rees,Reese,Reeves,Regan,Reich,Reid,Reilly,Renner,Reyes,Reynolds,Rhoades,Rhoads,Rhodes,Rice,Rich,Richard,Richards,Richardson,Richey,Richmond,Richter,Riddle,Rider,Riggs,Riley,Rinehart,Ring,Ritchie,Ritter,Rivera,Rivers,Rizzo,Roach,Roark,Robb,Robbins,Roberson,Roberts,Robertson,Robinson,Robison,Roche,Rock,Rodgers,Rodriguez,Roe,Rogers,Roland,Rollins,Roman,Romano,Romero,Rooney,Root,Roper,Rose,Rosen,Rosenberg,Rosenthal,Ross,Rossi,Roth,Rouse,Rowan,Rowe,Rowell,Rowland,Rowley,Roy,Rubin,Rucker,Rudd,Rudolph,Rush,Rushing,Russ,Russell,Russo,Ruth,Rutherford,Rutledge,Ryan,Ryder,Sadler,Salisbury,Sampson,Sams,Sanchez,Sanders,Sanderson,Sands,Sanford,Santos,Sapp,Sargent,Satterfield,Sauer,Saunders,Savage,Sawyer,Saylor,Schaefer,Schaeffer,Schafer,Schaffer,Schell,Scherer,Schilling,Schmidt,Schmitt,Schmitz,Schneider,Schrader,Schreiber,Schroeder,Schubert,Schuler,Schulte,Schultz,Schulz,Schumacher,Schuster,Schwab,Schwartz,Schwarz,Scott,Seaman,Sears,Seitz,Self,Sellers,Sewell,Sexton,Seymour,Shafer,Shaffer,Shank,Shannon,Shapiro,Sharp,Sharpe,Shaver,Shaw,Shea,Shearer,Sheehan,Sheets,Sheffield,Sheldon,Shelley,Shelton,Shepard,Shepherd,Sheppard,Sheridan,Sherman,Sherwood,Shields,Shipley,Shipman,Shirley,Shoemaker,Shook,Short,Shultz,Siegel,Silva,Silver,Silverman,Simmons,Simms,Simon,Simons,Simpson,Sims,Sinclair,Singer,Singleton,Sizemore,Skaggs,Skelton,Skinner,Slater,Slaughter,Sloan,Small,Smallwood,Smart,Smiley,Smith,Snell,Snider,Snodgrass,Snow,Snyder,Solomon,Sorensen,Sorenson,Sousa,Souza,Spangler,Sparks,Spaulding,Spear,Spears,Spence,Spencer,Spicer,Spivey,Sprague,Springer,Squires,Stacy,Stafford,Stahl,Staley,Stallings,Stanford,Stanley,Stanton,Staples,Stapleton,Stark,Starkey,Starnes,Starr,Stauffer,Stclair,Stearns,Steele,Stein,Steinberg,Steiner,Stephens,Stephenson,Sterling,Stern,Stevens,Stevenson,Steward,Stewart,Stiles,Stinson,Stjohn,Stock,Stoddard,Stokes,Stone,Stoner,Storey,Story,Stout,Stover,Strange,Stratton,Strauss,Street,Strickland,Stringer,Strong,Stroud,Stuart,Stubbs,Stump,Sullivan,Summers,Sumner,Sutherland,Sutton,Swain,Swan,Swanson,Swartz,Sweeney,Sweet,Swenson,Swift,Sykes,Sylvester,Tabor,Tackett,Talbot,Talley,Tanner,Tate,Tatum,Taylor,Teague,Temple,Templeton,Terrell,Terry,Thacker,Tharp,Thayer,Thomas,Thomason,Thompson,Thomson,Thorne,Thornton,Thorpe,Thurman,Thurston,Tidwell,Tierney,Tilley,Tillman,Timmons,Tipton,Titus,Tobin,Todd,Tomlinson,Tompkins,Torres,Toth,Townsend,Tracy,Trahan,Travis,Trent,Trimble,Triplett,Tripp,Trotter,Trout,Troyer,Tucker,Turner,Tuttle,Tyler,Tyson,Ulrich,Underwood,Unger,Upton,Urban,Valentine,Vance,Vandyke,Vanhorn,Varner,Vaughan,Vaughn,Vernon,Vick,Vickers,Vincent,Vinson,Vitale,Vogel,Vogt,Voss,Waddell,Wade,Waggoner,Wagner,Wagoner,Wahl,Waite,Wakefield,Walden,Waldron,Walker,Wall,Wallace,Waller,Walls,Walsh,Walter,Walters,Walton,Ward,Ware,Warner,Warren,Washburn,Waters,Watkins,Watson,Watt,Watts,Way,Weaver,Webb,Webber,Weber,Webster,Weeks,Weiner,Weinstein,Weir,Weiss,Welch,Weller,Wells,Welsh,Wendt,Werner,West,Westbrook,Westfall,Weston,Wetzel,Whalen,Whaley,Wheeler,Whipple,Whitaker,White,Whitehead,Whitfield,Whiting,Whitley,Whitlock,Whitman,Whitmore,Whitney,Whitt,Whittaker,Whitten,Whittington,Wiggins,Wilcox,Wilder,Wiles,Wiley,Wilhelm,Wilkerson,Wilkes,Wilkins,Wilkinson,Will,Willard,Willett,Willey,Williams,Williamson,Willis,Willoughby,Wills,Wilson,Winkler,Winn,Winslow,Winter,Winters,Wise,Wiseman,Wisniewski,Witt,Wolf,Wolfe,Wolff,Womack,Wood,Woodall,Woodard,Woodruff,Woods,Woodward,Woody,Wooten,Workman,Worley,Worthington,Wray,Wright,Wyatt,Wynn,Yarbrough,Yates,Yeager,Yoder,York,Yost,Young,Youngblood,Ziegler,Zimmer,Zimmerman